date,iso_code,continent,location,new_cases_per_million,new_cases_smoothed_per_million,new_deaths_per_million,new_deaths_smoothed_per_million,new_tests_per_thousand,new_tests_smoothed_per_thousand,positive_rate,people_vaccinated,people_fully_vaccinated,people_vaccinated_per_hundred,people_fully_vaccinated_per_hundred,stringency_index,population_density,median_age,aged_65_older,aged_70_older,gdp_per_capita,extreme_poverty,cardiovasc_death_rate,diabetes_prevalence,female_smokers,male_smokers,hospital_beds_per_thousand,life_expectancy,human_development_index,population
2020-01-03,NGA,Africa,Nigeria,0.0,,0.0,,,,,,,,,,209.588,18.1,2.751,1.447,5338.454,,181.013,2.42,0.6,10.8,,54.69,0.539,218541216.0
2020-01-04,NGA,Africa,Nigeria,0.0,,0.0,,,,,,,,,,209.588,18.1,2.751,1.447,5338.454,,181.013,2.42,0.6,10.8,,54.69,0.539,218541216.0
2020-01-05,NGA,Africa,Nigeria,0.0,,0.0,,,,,,,,,,209.588,18.1,2.751,1.447,5338.454,,181.013,2.42,0.6,10.8,,54.69,0.539,218541216.0
2020-01-06,NGA,Africa,Nigeria,0.0,,0.0,,,,,,,,,,209.588,18.1,2.751,1.447,5338.454,,181.013,2.42,0.6,10.8,,54.69,0.539,218541216.0
2020-01-07,NGA,Africa,Nigeria,0.0,,0.0,,,,,,,,,,209.588,18.1,2.751,1.447,5338.454,,181.013,2.42,0.6,10.8,,54.69,0.539,218541216.0
2020-01-08,NGA,Africa,Nigeria,0.0,0.0,0.0,0.0,,,,,,,,,209.588,18.1,2.751,1.447,5338.454,,181.013,2.42,0.6,10.8,,54.69,0.539,218541216.0
2020-01-09,NGA,Africa,Nigeria,0.0,0.0,0.0,0.0,,,,,,,,,209.588,18.1,2.751,1.447,5338.454,,181.013,2.42,0.6,10.8,,54.69,0.539,218541216.0
2020-01-10,NGA,Africa,Nigeria,0.0,0.0,0.0,0.0,,,,,,,,,209.588,18.1,2.751,1.447,5338.454,,181.013,2.42,0.6,10.8,,54.69,0.539,218541216.0
2020-01-11,NGA,Africa,Nigeria,0.0,0.0,0.0,0.0,,,,,,,,,209.588,18.1,2.751,1.447,5338.454,,181.013,2.42,0.6,10.8,,54.69,0.539,218541216.0
2020-01-12,NGA,Africa,Nigeria,0.0,0.0,0.0,0.0,,,,,,,,,209.588,18.1,2.751,1.447,5338.454,,181.013,2.42,0.6,10.8,,54.69,0.539,218541216.0
2020-01-13,NGA,Africa,Nigeria,0.0,0.0,0.0,0.0,,,,,,,,,209.588,18.1,2.751,1.447,5338.454,,181.013,2.42,0.6,10.8,,54.69,0.539,218541216.0
2020-01-14,NGA,Africa,Nigeria,0.0,0.0,0.0,0.0,,,,,,,,,209.588,18.1,2.751,1.447,5338.454,,181.013,2.42,0.6,10.8,,54.69,0.539,218541216.0
2020-01-15,NGA,Africa,Nigeria,0.0,0.0,0.0,0.0,,,,,,,,,209.588,18.1,2.751,1.447,5338.454,,181.013,2.42,0.6,10.8,,54.69,0.539,218541216.0
2020-01-16,NGA,Africa,Nigeria,0.0,0.0,0.0,0.0,,,,,,,,,209.588,18.1,2.751,1.447,5338.454,,181.013,2.42,0.6,10.8,,54.69,0.539,218541216.0
2020-01-17,NGA,Africa,Nigeria,0.0,0.0,0.0,0.0,,,,,,,,,209.588,18.1,2.751,1.447,5338.454,,181.013,2.42,0.6,10.8,,54.69,0.539,218541216.0
2020-01-18,NGA,Africa,Nigeria,0.0,0.0,0.0,0.0,,,,,,,,,209.588,18.1,2.751,1.447,5338.454,,181.013,2.42,0.6,10.8,,54.69,0.539,218541216.0
2020-01-19,NGA,Africa,Nigeria,0.0,0.0,0.0,0.0,,,,,,,,,209.588,18.1,2.751,1.447,5338.454,,181.013,2.42,0.6,10.8,,54.69,0.539,218541216.0
2020-01-20,NGA,Africa,Nigeria,0.0,0.0,0.0,0.0,,,,,,,,,209.588,18.1,2.751,1.447,5338.454,,181.013,2.42,0.6,10.8,,54.69,0.539,218541216.0
2020-01-21,NGA,Africa,Nigeria,0.0,0.0,0.0,0.0,,,,,,,,,209.588,18.1,2.751,1.447,5338.454,,181.013,2.42,0.6,10.8,,54.69,0.539,218541216.0
2020-01-22,NGA,Africa,Nigeria,0.0,0.0,0.0,0.0,,,,,,,,5.56,209.588,18.1,2.751,1.447,5338.454,,181.013,2.42,0.6,10.8,,54.69,0.539,218541216.0
2020-01-23,NGA,Africa,Nigeria,0.0,0.0,0.0,0.0,,,,,,,,5.56,209.588,18.1,2.751,1.447,5338.454,,181.013,2.42,0.6,10.8,,54.69,0.539,218541216.0
2020-01-24,NGA,Africa,Nigeria,0.0,0.0,0.0,0.0,,,,,,,,5.56,209.588,18.1,2.751,1.447,5338.454,,181.013,2.42,0.6,10.8,,54.69,0.539,218541216.0
2020-01-25,NGA,Africa,Nigeria,0.0,0.0,0.0,0.0,,,,,,,,5.56,209.588,18.1,2.751,1.447,5338.454,,181.013,2.42,0.6,10.8,,54.69,0.539,218541216.0
2020-01-26,NGA,Africa,Nigeria,0.0,0.0,0.0,0.0,,,,,,,,5.56,209.588,18.1,2.751,1.447,5338.454,,181.013,2.42,0.6,10.8,,54.69,0.539,218541216.0
2020-01-27,NGA,Africa,Nigeria,0.0,0.0,0.0,0.0,,,,,,,,5.56,209.588,18.1,2.751,1.447,5338.454,,181.013,2.42,0.6,10.8,,54.69,0.539,218541216.0
2020-01-28,NGA,Africa,Nigeria,0.0,0.0,0.0,0.0,,,,,,,,5.56,209.588,18.1,2.751,1.447,5338.454,,181.013,2.42,0.6,10.8,,54.69,0.539,218541216.0
2020-01-29,NGA,Africa,Nigeria,0.0,0.0,0.0,0.0,,,,,,,,5.56,209.588,18.1,2.751,1.447,5338.454,,181.013,2.42,0.6,10.8,,54.69,0.539,218541216.0
2020-01-30,NGA,Africa,Nigeria,0.0,0.0,0.0,0.0,,,,,,,,5.56,209.588,18.1,2.751,1.447,5338.454,,181.013,2.42,0.6,10.8,,54.69,0.539,218541216.0
2020-01-31,NGA,Africa,Nigeria,0.0,0.0,0.0,0.0,,,,,,,,11.11,209.588,18.1,2.751,1.447,5338.454,,181.013,2.42,0.6,10.8,,54.69,0.539,218541216.0
2020-02-01,NGA,Africa,Nigeria,0.0,0.0,0.0,0.0,,,,,,,,11.11,209.588,18.1,2.751,1.447,5338.454,,181.013,2.42,0.6,10.8,,54.69,0.539,218541216.0
2020-02-02,NGA,Africa,Nigeria,0.0,0.0,0.0,0.0,,,,,,,,11.11,209.588,18.1,2.751,1.447,5338.454,,181.013,2.42,0.6,10.8,,54.69,0.539,218541216.0
2020-02-03,NGA,Africa,Nigeria,0.0,0.0,0.0,0.0,,,,,,,,11.11,209.588,18.1,2.751,1.447,5338.454,,181.013,2.42,0.6,10.8,,54.69,0.539,218541216.0
2020-02-04,NGA,Africa,Nigeria,0.0,0.0,0.0,0.0,,,,,,,,11.11,209.588,18.1,2.751,1.447,5338.454,,181.013,2.42,0.6,10.8,,54.69,0.539,218541216.0
2020-02-05,NGA,Africa,Nigeria,0.0,0.0,0.0,0.0,,,,,,,,11.11,209.588,18.1,2.751,1.447,5338.454,,181.013,2.42,0.6,10.8,,54.69,0.539,218541216.0
2020-02-06,NGA,Africa,Nigeria,0.0,0.0,0.0,0.0,,,,,,,,11.11,209.588,18.1,2.751,1.447,5338.454,,181.013,2.42,0.6,10.8,,54.69,0.539,218541216.0
2020-02-07,NGA,Africa,Nigeria,0.0,0.0,0.0,0.0,,,,,,,,11.11,209.588,18.1,2.751,1.447,5338.454,,181.013,2.42,0.6,10.8,,54.69,0.539,218541216.0
2020-02-08,NGA,Africa,Nigeria,0.0,0.0,0.0,0.0,,,,,,,,11.11,209.588,18.1,2.751,1.447,5338.454,,181.013,2.42,0.6,10.8,,54.69,0.539,218541216.0
2020-02-09,NGA,Africa,Nigeria,0.0,0.0,0.0,0.0,,,,,,,,11.11,209.588,18.1,2.751,1.447,5338.454,,181.013,2.42,0.6,10.8,,54.69,0.539,218541216.0
2020-02-10,NGA,Africa,Nigeria,0.0,0.0,0.0,0.0,,,,,,,,11.11,209.588,18.1,2.751,1.447,5338.454,,181.013,2.42,0.6,10.8,,54.69,0.539,218541216.0
2020-02-11,NGA,Africa,Nigeria,0.0,0.0,0.0,0.0,,,,,,,,11.11,209.588,18.1,2.751,1.447,5338.454,,181.013,2.42,0.6,10.8,,54.69,0.539,218541216.0
2020-02-12,NGA,Africa,Nigeria,0.0,0.0,0.0,0.0,,,,,,,,11.11,209.588,18.1,2.751,1.447,5338.454,,181.013,2.42,0.6,10.8,,54.69,0.539,218541216.0
2020-02-13,NGA,Africa,Nigeria,0.0,0.0,0.0,0.0,,,,,,,,11.11,209.588,18.1,2.751,1.447,5338.454,,181.013,2.42,0.6,10.8,,54.69,0.539,218541216.0
2020-02-14,NGA,Africa,Nigeria,0.0,0.0,0.0,0.0,,,,,,,,11.11,209.588,18.1,2.751,1.447,5338.454,,181.013,2.42,0.6,10.8,,54.69,0.539,218541216.0
2020-02-15,NGA,Africa,Nigeria,0.0,0.0,0.0,0.0,,,,,,,,11.11,209.588,18.1,2.751,1.447,5338.454,,181.013,2.42,0.6,10.8,,54.69,0.539,218541216.0
2020-02-16,NGA,Africa,Nigeria,0.0,0.0,0.0,0.0,,,,,,,,11.11,209.588,18.1,2.751,1.447,5338.454,,181.013,2.42,0.6,10.8,,54.69,0.539,218541216.0
2020-02-17,NGA,Africa,Nigeria,0.0,0.0,0.0,0.0,,,,,,,,11.11,209.588,18.1,2.751,1.447,5338.454,,181.013,2.42,0.6,10.8,,54.69,0.539,218541216.0
2020-02-18,NGA,Africa,Nigeria,0.0,0.0,0.0,0.0,,,,,,,,11.11,209.588,18.1,2.751,1.447,5338.454,,181.013,2.42,0.6,10.8,,54.69,0.539,218541216.0
2020-02-19,NGA,Africa,Nigeria,0.0,0.0,0.0,0.0,,,,,,,,11.11,209.588,18.1,2.751,1.447,5338.454,,181.013,2.42,0.6,10.8,,54.69,0.539,218541216.0
2020-02-20,NGA,Africa,Nigeria,0.0,0.0,0.0,0.0,,,,,,,,11.11,209.588,18.1,2.751,1.447,5338.454,,181.013,2.42,0.6,10.8,,54.69,0.539,218541216.0
2020-02-21,NGA,Africa,Nigeria,0.0,0.0,0.0,0.0,,,,,,,,11.11,209.588,18.1,2.751,1.447,5338.454,,181.013,2.42,0.6,10.8,,54.69,0.539,218541216.0
2020-02-22,NGA,Africa,Nigeria,0.0,0.0,0.0,0.0,,,,,,,,11.11,209.588,18.1,2.751,1.447,5338.454,,181.013,2.42,0.6,10.8,,54.69,0.539,218541216.0
2020-02-23,NGA,Africa,Nigeria,0.0,0.0,0.0,0.0,,,,,,,,11.11,209.588,18.1,2.751,1.447,5338.454,,181.013,2.42,0.6,10.8,,54.69,0.539,218541216.0
2020-02-24,NGA,Africa,Nigeria,0.0,0.0,0.0,0.0,,,,,,,,11.11,209.588,18.1,2.751,1.447,5338.454,,181.013,2.42,0.6,10.8,,54.69,0.539,218541216.0
2020-02-25,NGA,Africa,Nigeria,0.0,0.0,0.0,0.0,,,,,,,,11.11,209.588,18.1,2.751,1.447,5338.454,,181.013,2.42,0.6,10.8,,54.69,0.539,218541216.0
2020-02-26,NGA,Africa,Nigeria,0.0,0.0,0.0,0.0,,,,,,,,11.11,209.588,18.1,2.751,1.447,5338.454,,181.013,2.42,0.6,10.8,,54.69,0.539,218541216.0
2020-02-27,NGA,Africa,Nigeria,0.0,0.0,0.0,0.0,,,,,,,,11.11,209.588,18.1,2.751,1.447,5338.454,,181.013,2.42,0.6,10.8,,54.69,0.539,218541216.0
2020-02-28,NGA,Africa,Nigeria,0.0,0.0,0.0,0.0,,,,,,,,11.11,209.588,18.1,2.751,1.447,5338.454,,181.013,2.42,0.6,10.8,,54.69,0.539,218541216.0
2020-02-29,NGA,Africa,Nigeria,0.005,0.001,0.0,0.0,,,,,,,,11.11,209.588,18.1,2.751,1.447,5338.454,,181.013,2.42,0.6,10.8,,54.69,0.539,218541216.0
2020-03-01,NGA,Africa,Nigeria,0.0,0.001,0.0,0.0,,,,,,,,11.11,209.588,18.1,2.751,1.447,5338.454,,181.013,2.42,0.6,10.8,,54.69,0.539,218541216.0
2020-03-02,NGA,Africa,Nigeria,0.0,0.001,0.0,0.0,,,,,,,,11.11,209.588,18.1,2.751,1.447,5338.454,,181.013,2.42,0.6,10.8,,54.69,0.539,218541216.0
2020-03-03,NGA,Africa,Nigeria,0.0,0.001,0.0,0.0,,,,,,,,11.11,209.588,18.1,2.751,1.447,5338.454,,181.013,2.42,0.6,10.8,,54.69,0.539,218541216.0
2020-03-04,NGA,Africa,Nigeria,0.0,0.001,0.0,0.0,,,,,,,,11.11,209.588,18.1,2.751,1.447,5338.454,,181.013,2.42,0.6,10.8,,54.69,0.539,218541216.0
2020-03-05,NGA,Africa,Nigeria,0.0,0.001,0.0,0.0,,,,,,,,11.11,209.588,18.1,2.751,1.447,5338.454,,181.013,2.42,0.6,10.8,,54.69,0.539,218541216.0
2020-03-06,NGA,Africa,Nigeria,0.0,0.001,0.0,0.0,,,,,,,,11.11,209.588,18.1,2.751,1.447,5338.454,,181.013,2.42,0.6,10.8,,54.69,0.539,218541216.0
2020-03-07,NGA,Africa,Nigeria,0.0,0.0,0.0,0.0,,,,,,,,11.11,209.588,18.1,2.751,1.447,5338.454,,181.013,2.42,0.6,10.8,,54.69,0.539,218541216.0
2020-03-08,NGA,Africa,Nigeria,0.0,0.0,0.0,0.0,,,,,,,,11.11,209.588,18.1,2.751,1.447,5338.454,,181.013,2.42,0.6,10.8,,54.69,0.539,218541216.0
2020-03-09,NGA,Africa,Nigeria,0.0,0.0,0.0,0.0,,,,,,,,11.11,209.588,18.1,2.751,1.447,5338.454,,181.013,2.42,0.6,10.8,,54.69,0.539,218541216.0
2020-03-10,NGA,Africa,Nigeria,0.005,0.001,0.0,0.0,,,,,,,,11.11,209.588,18.1,2.751,1.447,5338.454,,181.013,2.42,0.6,10.8,,54.69,0.539,218541216.0
2020-03-11,NGA,Africa,Nigeria,0.0,0.001,0.0,0.0,,,,,,,,11.11,209.588,18.1,2.751,1.447,5338.454,,181.013,2.42,0.6,10.8,,54.69,0.539,218541216.0
2020-03-12,NGA,Africa,Nigeria,0.0,0.001,0.0,0.0,,,,,,,,11.11,209.588,18.1,2.751,1.447,5338.454,,181.013,2.42,0.6,10.8,,54.69,0.539,218541216.0
2020-03-13,NGA,Africa,Nigeria,0.0,0.001,0.0,0.0,,,,,,,,11.11,209.588,18.1,2.751,1.447,5338.454,,181.013,2.42,0.6,10.8,,54.69,0.539,218541216.0
2020-03-14,NGA,Africa,Nigeria,0.0,0.001,0.0,0.0,,,,,,,,11.11,209.588,18.1,2.751,1.447,5338.454,,181.013,2.42,0.6,10.8,,54.69,0.539,218541216.0
2020-03-15,NGA,Africa,Nigeria,0.0,0.001,0.0,0.0,,,,,,,,11.11,209.588,18.1,2.751,1.447,5338.454,,181.013,2.42,0.6,10.8,,54.69,0.539,218541216.0
2020-03-16,NGA,Africa,Nigeria,0.0,0.001,0.0,0.0,,,,,,,,11.11,209.588,18.1,2.751,1.447,5338.454,,181.013,2.42,0.6,10.8,,54.69,0.539,218541216.0
2020-03-17,NGA,Africa,Nigeria,0.0,0.0,0.0,0.0,,,,,,,,11.11,209.588,18.1,2.751,1.447,5338.454,,181.013,2.42,0.6,10.8,,54.69,0.539,218541216.0
2020-03-18,NGA,Africa,Nigeria,0.0,0.0,0.0,0.0,,,,,,,,25.46,209.588,18.1,2.751,1.447,5338.454,,181.013,2.42,0.6,10.8,,54.69,0.539,218541216.0
2020-03-19,NGA,Africa,Nigeria,0.005,0.001,0.0,0.0,,,,,,,,25.46,209.588,18.1,2.751,1.447,5338.454,,181.013,2.42,0.6,10.8,,54.69,0.539,218541216.0
2020-03-20,NGA,Africa,Nigeria,0.027,0.005,0.0,0.0,,,,,,,,33.8,209.588,18.1,2.751,1.447,5338.454,,181.013,2.42,0.6,10.8,,54.69,0.539,218541216.0
2020-03-21,NGA,Africa,Nigeria,0.018,0.007,0.0,0.0,,,,,,,,33.8,209.588,18.1,2.751,1.447,5338.454,,181.013,2.42,0.6,10.8,,54.69,0.539,218541216.0
2020-03-22,NGA,Africa,Nigeria,0.059,0.016,0.0,0.0,,,,,,,,33.8,209.588,18.1,2.751,1.447,5338.454,,181.013,2.42,0.6,10.8,,54.69,0.539,218541216.0
2020-03-23,NGA,Africa,Nigeria,0.027,0.02,0.014,0.002,,,,,,,,48.61,209.588,18.1,2.751,1.447,5338.454,,181.013,2.42,0.6,10.8,,54.69,0.539,218541216.0
2020-03-24,NGA,Africa,Nigeria,0.032,0.024,0.0,0.002,,,,,,,,48.61,209.588,18.1,2.751,1.447,5338.454,,181.013,2.42,0.6,10.8,,54.69,0.539,218541216.0
2020-03-25,NGA,Africa,Nigeria,0.018,0.027,0.0,0.002,,,,,,,,48.61,209.588,18.1,2.751,1.447,5338.454,,181.013,2.42,0.6,10.8,,54.69,0.539,218541216.0
2020-03-26,NGA,Africa,Nigeria,0.032,0.031,0.0,0.002,,,,,,,,52.31,209.588,18.1,2.751,1.447,5338.454,,181.013,2.42,0.6,10.8,,54.69,0.539,218541216.0
2020-03-27,NGA,Africa,Nigeria,0.064,0.036,0.0,0.002,,,,,,,,52.31,209.588,18.1,2.751,1.447,5338.454,,181.013,2.42,0.6,10.8,,54.69,0.539,218541216.0
2020-03-28,NGA,Africa,Nigeria,0.073,0.044,0.0,0.002,,,,,,,,55.09,209.588,18.1,2.751,1.447,5338.454,,181.013,2.42,0.6,10.8,,54.69,0.539,218541216.0
2020-03-29,NGA,Africa,Nigeria,0.078,0.046,0.0,0.002,,,,,,,,82.87,209.588,18.1,2.751,1.447,5338.454,,181.013,2.42,0.6,10.8,,54.69,0.539,218541216.0
2020-03-30,NGA,Africa,Nigeria,0.064,0.052,0.0,0.0,,,,,,,,82.87,209.588,18.1,2.751,1.447,5338.454,,181.013,2.42,0.6,10.8,,54.69,0.539,218541216.0
2020-03-31,NGA,Africa,Nigeria,0.114,0.063,0.005,0.001,,,,,,,,82.87,209.588,18.1,2.751,1.447,5338.454,,181.013,2.42,0.6,10.8,,54.69,0.539,218541216.0
2020-04-01,NGA,Africa,Nigeria,0.069,0.071,0.0,0.001,,,,,,,,82.87,209.588,18.1,2.751,1.447,5338.454,,181.013,2.42,0.6,10.8,,54.69,0.539,218541216.0
2020-04-02,NGA,Africa,Nigeria,0.105,0.081,0.0,0.001,,,,,,,,82.87,209.588,18.1,2.751,1.447,5338.454,,181.013,2.42,0.6,10.8,,54.69,0.539,218541216.0
2020-04-03,NGA,Africa,Nigeria,0.046,0.078,0.0,0.001,,,,,,,,82.87,209.588,18.1,2.751,1.447,5338.454,,181.013,2.42,0.6,10.8,,54.69,0.539,218541216.0
2020-04-04,NGA,Africa,Nigeria,0.114,0.084,0.009,0.002,,,,,,,,82.87,209.588,18.1,2.751,1.447,5338.454,,181.013,2.42,0.6,10.8,,54.69,0.539,218541216.0
2020-04-05,NGA,Africa,Nigeria,0.023,0.076,0.005,0.003,,,,,,,,82.87,209.588,18.1,2.751,1.447,5338.454,,181.013,2.42,0.6,10.8,,54.69,0.539,218541216.0
2020-04-06,NGA,Africa,Nigeria,0.082,0.079,0.0,0.003,,,,,,,,82.87,209.588,18.1,2.751,1.447,5338.454,,181.013,2.42,0.6,10.8,,54.69,0.539,218541216.0
2020-04-07,NGA,Africa,Nigeria,0.027,0.067,0.0,0.002,,,,,,,,82.87,209.588,18.1,2.751,1.447,5338.454,,181.013,2.42,0.6,10.8,,54.69,0.539,218541216.0
2020-04-08,NGA,Africa,Nigeria,0.073,0.067,0.005,0.003,,,,,,,,82.87,209.588,18.1,2.751,1.447,5338.454,,181.013,2.42,0.6,10.8,,54.69,0.539,218541216.0
2020-04-09,NGA,Africa,Nigeria,0.101,0.067,0.0,0.003,,,,,,,,82.87,209.588,18.1,2.751,1.447,5338.454,,181.013,2.42,0.6,10.8,,54.69,0.539,218541216.0
2020-04-10,NGA,Africa,Nigeria,0.055,0.068,0.005,0.003,,,,,,,,82.87,209.588,18.1,2.751,1.447,5338.454,,181.013,2.42,0.6,10.8,,54.69,0.539,218541216.0
2020-04-11,NGA,Africa,Nigeria,0.078,0.063,0.0,0.002,,,,,,,,82.87,209.588,18.1,2.751,1.447,5338.454,,181.013,2.42,0.6,10.8,,54.69,0.539,218541216.0
2020-04-12,NGA,Africa,Nigeria,0.059,0.068,0.014,0.003,,,,,,,,82.87,209.588,18.1,2.751,1.447,5338.454,,181.013,2.42,0.6,10.8,,54.69,0.539,218541216.0
2020-04-13,NGA,Africa,Nigeria,0.023,0.059,0.0,0.003,,,,,,,,82.87,209.588,18.1,2.751,1.447,5338.454,,181.013,2.42,0.6,10.8,,54.69,0.539,218541216.0
2020-04-14,NGA,Africa,Nigeria,0.092,0.069,0.005,0.004,,,,,,,,82.87,209.588,18.1,2.751,1.447,5338.454,,181.013,2.42,0.6,10.8,,54.69,0.539,218541216.0
2020-04-15,NGA,Africa,Nigeria,0.137,0.078,0.0,0.003,,0.001,0.0908,,,,,82.87,209.588,18.1,2.751,1.447,5338.454,,181.013,2.42,0.6,10.8,,54.69,0.539,218541216.0
2020-04-16,NGA,Africa,Nigeria,0.156,0.086,0.005,0.004,,0.001,0.1068,,,,,82.87,209.588,18.1,2.751,1.447,5338.454,,181.013,2.42,0.6,10.8,,54.69,0.539,218541216.0
2020-04-17,NGA,Africa,Nigeria,0.16,0.101,0.005,0.004,0.002,0.001,0.1079,,,,,82.87,209.588,18.1,2.751,1.447,5338.454,,181.013,2.42,0.6,10.8,,54.69,0.539,218541216.0
2020-04-18,NGA,Africa,Nigeria,0.233,0.123,0.018,0.007,,0.001,0.1111,,,,,82.87,209.588,18.1,2.751,1.447,5338.454,,181.013,2.42,0.6,10.8,,54.69,0.539,218541216.0
2020-04-19,NGA,Africa,Nigeria,0.22,0.146,0.009,0.006,,0.002,0.1324,,,,,82.87,209.588,18.1,2.751,1.447,5338.454,,181.013,2.42,0.6,10.8,,54.69,0.539,218541216.0
2020-04-20,NGA,Africa,Nigeria,0.394,0.199,0.009,0.007,,0.002,0.125,,,,,82.87,209.588,18.1,2.751,1.447,5338.454,,181.013,2.42,0.6,10.8,,54.69,0.539,218541216.0
2020-04-21,NGA,Africa,Nigeria,0.174,0.21,0.005,0.007,,0.002,0.1022,,,,,82.87,209.588,18.1,2.751,1.447,5338.454,,181.013,2.42,0.6,10.8,,54.69,0.539,218541216.0
2020-04-22,NGA,Africa,Nigeria,0.535,0.267,0.014,0.009,,0.002,0.1486,,,,,82.87,209.588,18.1,2.751,1.447,5338.454,,181.013,2.42,0.6,10.8,,54.69,0.539,218541216.0
2020-04-23,NGA,Africa,Nigeria,0.416,0.305,0.014,0.01,,0.002,0.1581,,,,,85.65,209.588,18.1,2.751,1.447,5338.454,,181.013,2.42,0.6,10.8,,54.69,0.539,218541216.0
2020-04-24,NGA,Africa,Nigeria,0.494,0.352,0.014,0.012,,0.002,0.1803,,,,,85.65,209.588,18.1,2.751,1.447,5338.454,,181.013,2.42,0.6,10.8,,54.69,0.539,218541216.0
2020-04-25,NGA,Africa,Nigeria,0.522,0.394,0.005,0.01,,0.002,0.1949,,,,,85.65,209.588,18.1,2.751,1.447,5338.454,,181.013,2.42,0.6,10.8,,54.69,0.539,218541216.0
2020-04-26,NGA,Africa,Nigeria,0.398,0.419,0.014,0.01,,0.002,0.2046,,,,,85.65,209.588,18.1,2.751,1.447,5338.454,,181.013,2.42,0.6,10.8,,54.69,0.539,218541216.0
2020-04-27,NGA,Africa,Nigeria,0.416,0.422,0.023,0.012,,0.002,0.2212,,,,,85.65,209.588,18.1,2.751,1.447,5338.454,,181.013,2.42,0.6,10.8,,54.69,0.539,218541216.0
2020-04-28,NGA,Africa,Nigeria,0.293,0.439,0.0,0.012,,0.002,0.2977,,,,,85.65,209.588,18.1,2.751,1.447,5338.454,,181.013,2.42,0.6,10.8,,54.69,0.539,218541216.0
2020-04-29,NGA,Africa,Nigeria,0.892,0.49,0.018,0.012,0.004,0.002,0.2627,,,,,85.65,209.588,18.1,2.751,1.447,5338.454,,181.013,2.42,0.6,10.8,,54.69,0.539,218541216.0
2020-04-30,NGA,Africa,Nigeria,0.897,0.559,0.032,0.015,,0.003,0.2246,,,,,85.65,209.588,18.1,2.751,1.447,5338.454,,181.013,2.42,0.6,10.8,,54.69,0.539,218541216.0
2020-05-01,NGA,Africa,Nigeria,0.933,0.622,0.032,0.018,,0.004,0.2039,,,,,85.65,209.588,18.1,2.751,1.447,5338.454,,181.013,2.42,0.6,10.8,,54.69,0.539,218541216.0
2020-05-02,NGA,Africa,Nigeria,1.089,0.703,0.046,0.024,,0.004,0.2294,,,,,85.65,209.588,18.1,2.751,1.447,5338.454,,181.013,2.42,0.6,10.8,,54.69,0.539,218541216.0
2020-05-03,NGA,Africa,Nigeria,0.998,0.788,0.078,0.033,,0.004,0.2422,,,,,85.65,209.588,18.1,2.751,1.447,5338.454,,181.013,2.42,0.6,10.8,,54.69,0.539,218541216.0
2020-05-04,NGA,Africa,Nigeria,0.778,0.84,0.0,0.029,0.009,0.005,0.2125,,,,,84.26,209.588,18.1,2.751,1.447,5338.454,,181.013,2.42,0.6,10.8,,54.69,0.539,218541216.0
2020-05-05,NGA,Africa,Nigeria,1.116,0.958,0.027,0.033,0.005,0.005,0.1888,,,,,84.26,209.588,18.1,2.751,1.447,5338.454,,181.013,2.42,0.6,10.8,,54.69,0.539,218541216.0
2020-05-06,NGA,Africa,Nigeria,0.677,0.927,0.023,0.034,0.008,0.006,0.1691,,,,,84.26,209.588,18.1,2.751,1.447,5338.454,,181.013,2.42,0.6,10.8,,54.69,0.539,218541216.0
2020-05-07,NGA,Africa,Nigeria,0.892,0.926,0.023,0.033,0.006,0.005,0.1945,,,,,84.26,209.588,18.1,2.751,1.447,5338.454,,181.013,2.42,0.6,10.8,,54.69,0.539,218541216.0
2020-05-08,NGA,Africa,Nigeria,1.743,1.042,0.018,0.031,0.006,0.005,0.2156,,,,,84.26,209.588,18.1,2.751,1.447,5338.454,,181.013,2.42,0.6,10.8,,54.69,0.539,218541216.0
2020-05-09,NGA,Africa,Nigeria,1.766,1.139,0.046,0.031,,0.006,0.2016,,,,,84.26,209.588,18.1,2.751,1.447,5338.454,,181.013,2.42,0.6,10.8,,54.69,0.539,218541216.0
2020-05-10,NGA,Africa,Nigeria,1.094,1.152,0.05,0.027,,0.006,0.1957,,,,,84.26,209.588,18.1,2.751,1.447,5338.454,,181.013,2.42,0.6,10.8,,54.69,0.539,218541216.0
2020-05-11,NGA,Africa,Nigeria,1.135,1.203,0.069,0.037,,0.006,0.2153,,,,,84.26,209.588,18.1,2.751,1.447,5338.454,,181.013,2.42,0.6,10.8,,54.69,0.539,218541216.0
2020-05-12,NGA,Africa,Nigeria,1.107,1.202,0.032,0.037,0.006,0.006,0.2063,,,,,84.26,209.588,18.1,2.751,1.447,5338.454,,181.013,2.42,0.6,10.8,,54.69,0.539,218541216.0
2020-05-13,NGA,Africa,Nigeria,0.668,1.201,0.037,0.039,0.005,0.005,0.2228,,,,,84.26,209.588,18.1,2.751,1.447,5338.454,,181.013,2.42,0.6,10.8,,54.69,0.539,218541216.0
2020-05-14,NGA,Africa,Nigeria,0.842,1.194,0.027,0.04,0.006,0.005,0.2004,,,,,84.26,209.588,18.1,2.751,1.447,5338.454,,181.013,2.42,0.6,10.8,,54.69,0.539,218541216.0
2020-05-15,NGA,Africa,Nigeria,0.874,1.069,0.014,0.039,,0.005,0.1931,,,,,84.26,209.588,18.1,2.751,1.447,5338.454,,181.013,2.42,0.6,10.8,,54.69,0.539,218541216.0
2020-05-16,NGA,Africa,Nigeria,1.318,1.005,0.018,0.035,,0.005,0.1831,,,,,84.26,209.588,18.1,2.751,1.447,5338.454,,181.013,2.42,0.6,10.8,,54.69,0.539,218541216.0
2020-05-17,NGA,Africa,Nigeria,0.782,0.961,0.023,0.031,0.005,0.005,0.1957,,,,,84.26,209.588,18.1,2.751,1.447,5338.454,,181.013,2.42,0.6,10.8,,54.69,0.539,218541216.0
2020-05-18,NGA,Africa,Nigeria,1.547,1.02,0.027,0.025,0.006,0.006,0.1856,,,,,84.26,209.588,18.1,2.751,1.447,5338.454,,181.013,2.42,0.6,10.8,,54.69,0.539,218541216.0
2020-05-19,NGA,Africa,Nigeria,0.988,1.003,0.041,0.027,0.007,0.006,0.1902,,,,,84.26,209.588,18.1,2.751,1.447,5338.454,,181.013,2.42,0.6,10.8,,54.69,0.539,218541216.0
2020-05-20,NGA,Africa,Nigeria,1.034,1.055,0.005,0.022,0.006,0.006,0.1934,,,,,84.26,209.588,18.1,2.751,1.447,5338.454,,181.013,2.42,0.6,10.8,,54.69,0.539,218541216.0
2020-05-21,NGA,Africa,Nigeria,1.263,1.115,0.046,0.025,,0.006,0.1969,,,,,84.26,209.588,18.1,2.751,1.447,5338.454,,181.013,2.42,0.6,10.8,,54.69,0.539,218541216.0
2020-05-22,NGA,Africa,Nigeria,1.551,1.212,0.041,0.029,,0.007,0.1792,,,,,84.26,209.588,18.1,2.751,1.447,5338.454,,181.013,2.42,0.6,10.8,,54.69,0.539,218541216.0
2020-05-23,NGA,Africa,Nigeria,1.121,1.184,0.046,0.033,0.007,0.007,0.1834,,,,,84.26,209.588,18.1,2.751,1.447,5338.454,,181.013,2.42,0.6,10.8,,54.69,0.539,218541216.0
2020-05-24,NGA,Africa,Nigeria,1.213,1.245,0.0,0.029,0.005,0.007,0.1793,,,,,84.26,209.588,18.1,2.751,1.447,5338.454,,181.013,2.42,0.6,10.8,,54.69,0.539,218541216.0
2020-05-25,NGA,Africa,Nigeria,1.432,1.229,0.023,0.029,0.006,0.007,0.1831,,,,,84.26,209.588,18.1,2.751,1.447,5338.454,,181.013,2.42,0.6,10.8,,54.69,0.539,218541216.0
2020-05-26,NGA,Africa,Nigeria,1.048,1.237,0.032,0.027,0.005,0.007,0.1962,,,,,84.26,209.588,18.1,2.751,1.447,5338.454,,181.013,2.42,0.6,10.8,,54.69,0.539,218541216.0
2020-05-27,NGA,Africa,Nigeria,1.263,1.27,0.073,0.037,0.008,0.007,0.1994,,,,,84.26,209.588,18.1,2.751,1.447,5338.454,,181.013,2.42,0.6,10.8,,54.69,0.539,218541216.0
2020-05-28,NGA,Africa,Nigeria,1.78,1.344,0.023,0.034,0.007,0.007,0.1919,,,,,84.26,209.588,18.1,2.751,1.447,5338.454,,181.013,2.42,0.6,10.8,,54.69,0.539,218541216.0
2020-05-29,NGA,Africa,Nigeria,0.833,1.241,0.023,0.031,0.041,0.011,0.1213,,,,,84.26,209.588,18.1,2.751,1.447,5338.454,,181.013,2.42,0.6,10.8,,54.69,0.539,218541216.0
2020-05-30,NGA,Africa,Nigeria,1.771,1.334,0.009,0.026,0.01,0.012,0.1331,,,,,84.26,209.588,18.1,2.751,1.447,5338.454,,181.013,2.42,0.6,10.8,,54.69,0.539,218541216.0
2020-05-31,NGA,Africa,Nigeria,2.53,1.522,0.055,0.034,,0.012,0.1298,,,,,84.26,209.588,18.1,2.751,1.447,5338.454,,181.013,2.42,0.6,10.8,,54.69,0.539,218541216.0
2020-06-01,NGA,Africa,Nigeria,1.405,1.519,0.064,0.04,,0.012,0.1379,,,,,84.26,209.588,18.1,2.751,1.447,5338.454,,181.013,2.42,0.6,10.8,,54.69,0.539,218541216.0
2020-06-02,NGA,Africa,Nigeria,1.904,1.641,0.055,0.043,0.009,0.013,0.1297,,,,,84.26,209.588,18.1,2.751,1.447,5338.454,,181.013,2.42,0.6,10.8,,54.69,0.539,218541216.0
2020-06-03,NGA,Africa,Nigeria,1.103,1.618,0.069,0.042,0.018,0.014,0.1144,,,,,84.26,209.588,18.1,2.751,1.447,5338.454,,181.013,2.42,0.6,10.8,,54.69,0.539,218541216.0
2020-06-04,NGA,Africa,Nigeria,1.588,1.59,0.005,0.04,0.007,0.014,0.1217,,,,,84.26,209.588,18.1,2.751,1.447,5338.454,,181.013,2.42,0.6,10.8,,54.69,0.539,218541216.0
2020-06-05,NGA,Africa,Nigeria,1.602,1.7,0.037,0.042,0.008,0.01,0.1773,,,,,84.26,209.588,18.1,2.751,1.447,5338.454,,181.013,2.42,0.6,10.8,,54.69,0.539,218541216.0
2020-06-06,NGA,Africa,Nigeria,1.501,1.662,0.046,0.047,0.009,0.009,0.1678,,,,,84.26,209.588,18.1,2.751,1.447,5338.454,,181.013,2.42,0.6,10.8,,54.69,0.539,218541216.0
2020-06-07,NGA,Africa,Nigeria,1.78,1.554,0.041,0.045,0.008,0.01,0.1609,,,,,84.26,209.588,18.1,2.751,1.447,5338.454,,181.013,2.42,0.6,10.8,,54.69,0.539,218541216.0
2020-06-08,NGA,Africa,Nigeria,1.158,1.519,0.055,0.044,0.007,0.01,0.1548,,,,,84.26,209.588,18.1,2.751,1.447,5338.454,,181.013,2.42,0.6,10.8,,54.69,0.539,218541216.0
2020-06-09,NGA,Africa,Nigeria,1.441,1.453,0.032,0.041,0.008,0.009,0.1881,,,,,84.26,209.588,18.1,2.751,1.447,5338.454,,181.013,2.42,0.6,10.8,,54.69,0.539,218541216.0
2020-06-10,NGA,Africa,Nigeria,3.034,1.729,0.018,0.033,0.014,0.009,0.2061,,,,,84.26,209.588,18.1,2.751,1.447,5338.454,,181.013,2.42,0.6,10.8,,54.69,0.539,218541216.0
2020-06-11,NGA,Africa,Nigeria,1.872,1.77,0.078,0.044,0.011,0.009,0.2164,,,,,84.26,209.588,18.1,2.751,1.447,5338.454,,181.013,2.42,0.6,10.8,,54.69,0.539,218541216.0
2020-06-12,NGA,Africa,Nigeria,3.116,1.986,0.023,0.042,,0.01,0.2247,,,,,84.26,209.588,18.1,2.751,1.447,5338.454,,181.013,2.42,0.6,10.8,,54.69,0.539,218541216.0
2020-06-13,NGA,Africa,Nigeria,2.869,2.181,0.0,0.035,,0.01,0.223,,,,,84.26,209.588,18.1,2.751,1.447,5338.454,,181.013,2.42,0.6,10.8,,54.69,0.539,218541216.0
2020-06-14,NGA,Africa,Nigeria,2.292,2.255,0.087,0.042,0.012,0.011,0.2232,,,,,84.26,209.588,18.1,2.751,1.447,5338.454,,181.013,2.42,0.6,10.8,,54.69,0.539,218541216.0
2020-06-15,NGA,Africa,Nigeria,1.844,2.353,0.064,0.043,0.007,0.011,0.2399,,,,,84.26,209.588,18.1,2.751,1.447,5338.454,,181.013,2.42,0.6,10.8,,54.69,0.539,218541216.0
2020-06-16,NGA,Africa,Nigeria,2.622,2.521,0.018,0.041,0.01,0.011,0.2239,,,,,84.26,209.588,18.1,2.751,1.447,5338.454,,181.013,2.42,0.6,10.8,,54.69,0.539,218541216.0
2020-06-17,NGA,Africa,Nigeria,2.242,2.408,0.142,0.059,,0.012,0.2114,,,,,84.26,209.588,18.1,2.751,1.447,5338.454,,181.013,2.42,0.6,10.8,,54.69,0.539,218541216.0
2020-06-18,NGA,Africa,Nigeria,2.686,2.525,0.064,0.057,,0.014,0.1903,,,,,84.26,209.588,18.1,2.751,1.447,5338.454,,181.013,2.42,0.6,10.8,,54.69,0.539,218541216.0
2020-06-19,NGA,Africa,Nigeria,3.409,2.566,0.027,0.058,0.012,0.014,0.1923,,,,,84.26,209.588,18.1,2.751,1.447,5338.454,,181.013,2.42,0.6,10.8,,54.69,0.539,218541216.0
2020-06-20,NGA,Africa,Nigeria,3.052,2.593,0.055,0.065,0.012,0.014,0.2004,,,,,84.26,209.588,18.1,2.751,1.447,5338.454,,181.013,2.42,0.6,10.8,,54.69,0.539,218541216.0
2020-06-21,NGA,Africa,Nigeria,3.025,2.697,0.087,0.065,0.012,0.014,0.2014,,,,,84.26,209.588,18.1,2.751,1.447,5338.454,,181.013,2.42,0.6,10.8,,54.69,0.539,218541216.0
2020-06-22,NGA,Africa,Nigeria,1.995,2.719,0.055,0.064,0.01,0.014,0.1988,,,,,84.26,209.588,18.1,2.751,1.447,5338.454,,181.013,2.42,0.6,10.8,,54.69,0.539,218541216.0
2020-06-23,NGA,Africa,Nigeria,3.089,2.785,0.032,0.066,0.008,0.014,0.1995,,,,,84.26,209.588,18.1,2.751,1.447,5338.454,,181.013,2.42,0.6,10.8,,54.69,0.539,218541216.0
2020-06-24,NGA,Africa,Nigeria,2.068,2.761,0.037,0.051,0.012,0.013,0.2266,,,,,84.26,209.588,18.1,2.751,1.447,5338.454,,181.013,2.42,0.6,10.8,,54.69,0.539,218541216.0
2020-06-25,NGA,Africa,Nigeria,2.97,2.801,0.041,0.048,0.01,0.011,0.256,,,,,84.26,209.588,18.1,2.751,1.447,5338.454,,181.013,2.42,0.6,10.8,,54.69,0.539,218541216.0
2020-06-26,NGA,Africa,Nigeria,2.718,2.702,0.032,0.048,,0.011,0.2577,,,,,84.26,209.588,18.1,2.751,1.447,5338.454,,181.013,2.42,0.6,10.8,,54.69,0.539,218541216.0
2020-06-27,NGA,Africa,Nigeria,3.13,2.713,0.023,0.044,,0.011,0.265,,,,,84.26,209.588,18.1,2.751,1.447,5338.454,,181.013,2.42,0.6,10.8,,54.69,0.539,218541216.0
2020-06-28,NGA,Africa,Nigeria,3.565,2.791,0.018,0.034,0.014,0.011,0.2606,,,,,84.26,209.588,18.1,2.751,1.447,5338.454,,181.013,2.42,0.6,10.8,,54.69,0.539,218541216.0
2020-06-29,NGA,Africa,Nigeria,2.242,2.826,0.032,0.031,0.01,0.011,0.2548,,,,,84.26,209.588,18.1,2.751,1.447,5338.454,,181.013,2.42,0.6,10.8,,54.69,0.539,218541216.0
2020-06-30,NGA,Africa,Nigeria,2.59,2.755,0.037,0.031,0.009,0.011,0.259,,,,,84.26,209.588,18.1,2.751,1.447,5338.454,,181.013,2.42,0.6,10.8,,54.69,0.539,218541216.0
2020-07-01,NGA,Africa,Nigeria,2.567,2.826,0.078,0.037,0.02,0.012,0.2432,,,,,78.7,209.588,18.1,2.751,1.447,5338.454,,181.013,2.42,0.6,10.8,,54.69,0.539,218541216.0
2020-07-02,NGA,Africa,Nigeria,3.615,2.918,0.059,0.04,0.014,0.013,0.2321,,,,,78.7,209.588,18.1,2.751,1.447,5338.454,,181.013,2.42,0.6,10.8,,54.69,0.539,218541216.0
2020-07-03,NGA,Africa,Nigeria,2.864,2.939,0.059,0.044,0.016,0.014,0.2115,,,,,78.7,209.588,18.1,2.751,1.447,5338.454,,181.013,2.42,0.6,10.8,,54.69,0.539,218541216.0
2020-07-04,NGA,Africa,Nigeria,2.077,2.789,0.055,0.048,0.016,0.014,0.1945,,,,,78.7,209.588,18.1,2.751,1.447,5338.454,,181.013,2.42,0.6,10.8,,54.69,0.539,218541216.0
2020-07-05,NGA,Africa,Nigeria,2.759,2.674,0.027,0.05,0.014,0.014,0.1977,,,,,78.7,209.588,18.1,2.751,1.447,5338.454,,181.013,2.42,0.6,10.8,,54.69,0.539,218541216.0
2020-07-06,NGA,Africa,Nigeria,2.489,2.709,0.05,0.052,0.009,0.014,0.2011,,,,,78.7,209.588,18.1,2.751,1.447,5338.454,,181.013,2.42,0.6,10.8,,54.69,0.539,218541216.0
2020-07-07,NGA,Africa,Nigeria,2.631,2.715,0.041,0.053,,0.018,0.1515,,,,,78.7,209.588,18.1,2.751,1.447,5338.454,,181.013,2.42,0.6,10.8,,54.69,0.539,218541216.0
2020-07-08,NGA,Africa,Nigeria,2.302,2.677,0.069,0.052,,0.021,0.1208,,,,,78.7,209.588,18.1,2.751,1.447,5338.454,,181.013,2.42,0.6,10.8,,54.69,0.539,218541216.0
2020-07-09,NGA,Africa,Nigeria,2.105,2.461,0.069,0.053,0.011,0.02,0.1196,,,,,78.7,209.588,18.1,2.751,1.447,5338.454,,181.013,2.42,0.6,10.8,,54.69,0.539,218541216.0
2020-07-10,NGA,Africa,Nigeria,2.283,2.378,0.023,0.048,0.017,0.021,0.122,,,,,78.7,209.588,18.1,2.751,1.447,5338.454,,181.013,2.42,0.6,10.8,,54.69,0.539,218541216.0
2020-07-11,NGA,Africa,Nigeria,2.631,2.457,0.092,0.053,0.012,0.02,0.127,,,,,78.7,209.588,18.1,2.751,1.447,5338.454,,181.013,2.42,0.6,10.8,,54.69,0.539,218541216.0
2020-07-12,NGA,Africa,Nigeria,3.038,2.497,0.069,0.059,0.014,0.02,0.1277,,,,,78.7,209.588,18.1,2.751,1.447,5338.454,,181.013,2.42,0.6,10.8,,54.69,0.539,218541216.0
2020-07-13,NGA,Africa,Nigeria,2.613,2.515,0.073,0.062,0.01,0.02,0.1274,,,,,78.7,209.588,18.1,2.751,1.447,5338.454,,181.013,2.42,0.6,10.8,,54.69,0.539,218541216.0
2020-07-14,NGA,Africa,Nigeria,2.723,2.528,0.018,0.059,,0.02,0.1282,,,,,78.7,209.588,18.1,2.751,1.447,5338.454,,181.013,2.42,0.6,10.8,,54.69,0.539,218541216.0
2020-07-15,NGA,Africa,Nigeria,2.119,2.502,0.046,0.056,,0.02,0.1365,,,,,78.7,209.588,18.1,2.751,1.447,5338.454,,181.013,2.42,0.6,10.8,,54.69,0.539,218541216.0
2020-07-16,NGA,Africa,Nigeria,2.942,2.621,0.027,0.05,0.014,0.02,0.1361,,,,,78.7,209.588,18.1,2.751,1.447,5338.454,,181.013,2.42,0.6,10.8,,54.69,0.539,218541216.0
2020-07-17,NGA,Africa,Nigeria,2.723,2.684,0.041,0.052,0.02,0.021,0.1343,,,,,78.7,209.588,18.1,2.751,1.447,5338.454,,181.013,2.42,0.6,10.8,,54.69,0.539,218541216.0
2020-07-18,NGA,Africa,Nigeria,2.745,2.7,0.014,0.041,0.014,0.021,0.1321,,,,,78.7,209.588,18.1,2.751,1.447,5338.454,,181.013,2.42,0.6,10.8,,54.69,0.539,218541216.0
2020-07-19,NGA,Africa,Nigeria,2.988,2.693,0.027,0.035,0.013,0.021,0.1326,,,,,78.7,209.588,18.1,2.751,1.447,5338.454,,181.013,2.42,0.6,10.8,,54.69,0.539,218541216.0
2020-07-20,NGA,Africa,Nigeria,2.544,2.683,0.05,0.032,,0.021,0.1276,,,,,78.7,209.588,18.1,2.751,1.447,5338.454,,181.013,2.42,0.6,10.8,,54.69,0.539,218541216.0
2020-07-21,NGA,Africa,Nigeria,2.572,2.662,0.055,0.037,,0.018,0.1546,,,,,78.7,209.588,18.1,2.751,1.447,5338.454,,181.013,2.42,0.6,10.8,,54.69,0.539,218541216.0
2020-07-22,NGA,Africa,Nigeria,2.636,2.736,0.018,0.033,0.139,0.033,0.0837,,,,,78.7,209.588,18.1,2.751,1.447,5338.454,,181.013,2.42,0.6,10.8,,54.69,0.539,218541216.0
2020-07-23,NGA,Africa,Nigeria,2.485,2.67,0.037,0.035,0.019,0.033,0.0822,,,,,78.7,209.588,18.1,2.751,1.447,5338.454,,181.013,2.42,0.6,10.8,,54.69,0.539,218541216.0
2020-07-24,NGA,Africa,Nigeria,2.764,2.676,0.092,0.042,0.019,0.033,0.0823,,,,,78.7,209.588,18.1,2.751,1.447,5338.454,,181.013,2.42,0.6,10.8,,54.69,0.539,218541216.0
2020-07-25,NGA,Africa,Nigeria,2.704,2.67,0.055,0.048,0.016,0.034,0.0773,,,,,78.7,209.588,18.1,2.751,1.447,5338.454,,181.013,2.42,0.6,10.8,,54.69,0.539,218541216.0
2020-07-26,NGA,Africa,Nigeria,2.004,2.53,0.05,0.051,0.014,0.034,0.0768,,,,,78.7,209.588,18.1,2.751,1.447,5338.454,,181.013,2.42,0.6,10.8,,54.69,0.539,218541216.0
2020-07-27,NGA,Africa,Nigeria,2.54,2.529,0.009,0.045,0.025,0.035,0.0751,,,,,78.7,209.588,18.1,2.751,1.447,5338.454,,181.013,2.42,0.6,10.8,,54.69,0.539,218541216.0
2020-07-28,NGA,Africa,Nigeria,2.965,2.585,0.009,0.039,0.023,0.036,0.0734,,,,,78.7,209.588,18.1,2.751,1.447,5338.454,,181.013,2.42,0.6,10.8,,54.69,0.539,218541216.0
2020-07-29,NGA,Africa,Nigeria,2.855,2.617,0.037,0.041,0.015,0.019,0.1369,,,,,78.7,209.588,18.1,2.751,1.447,5338.454,,181.013,2.42,0.6,10.8,,54.69,0.539,218541216.0
2020-07-30,NGA,Africa,Nigeria,1.849,2.526,0.023,0.039,0.017,0.019,0.1347,,,,,78.7,209.588,18.1,2.751,1.447,5338.454,,181.013,2.42,0.6,10.8,,54.69,0.539,218541216.0
2020-07-31,NGA,Africa,Nigeria,2.201,2.445,0.023,0.029,,0.018,0.1346,,,,,78.7,209.588,18.1,2.751,1.447,5338.454,,181.013,2.42,0.6,10.8,,54.69,0.539,218541216.0
2020-08-01,NGA,Africa,Nigeria,2.114,2.361,0.005,0.022,,0.018,0.134,,,,,78.7,209.588,18.1,2.751,1.447,5338.454,,181.013,2.42,0.6,10.8,,54.69,0.539,218541216.0
2020-08-02,NGA,Africa,Nigeria,1.766,2.327,0.018,0.018,0.007,0.017,0.1326,,,,,78.7,209.588,18.1,2.751,1.447,5338.454,,181.013,2.42,0.6,10.8,,54.69,0.539,218541216.0
2020-08-03,NGA,Africa,Nigeria,1.391,2.163,0.023,0.02,0.008,0.014,0.1385,,,,,78.7,209.588,18.1,2.751,1.447,5338.454,,181.013,2.42,0.6,10.8,,54.69,0.539,218541216.0
2020-08-04,NGA,Africa,Nigeria,1.318,1.928,0.037,0.024,0.071,0.021,0.0835,,,,,75.0,209.588,18.1,2.751,1.447,5338.454,,181.013,2.42,0.6,10.8,,54.69,0.539,218541216.0
2020-08-05,NGA,Africa,Nigeria,1.391,1.719,0.064,0.027,,0.02,0.0909,,,,,75.0,209.588,18.1,2.751,1.447,5338.454,,181.013,2.42,0.6,10.8,,54.69,0.539,218541216.0
2020-08-06,NGA,Africa,Nigeria,2.091,1.753,0.078,0.035,,0.018,0.0939,,,,,75.0,209.588,18.1,2.751,1.447,5338.454,,181.013,2.42,0.6,10.8,,54.69,0.539,218541216.0
2020-08-07,NGA,Africa,Nigeria,1.62,1.67,0.014,0.034,0.018,0.019,0.0911,,,,,75.0,209.588,18.1,2.751,1.447,5338.454,,181.013,2.42,0.6,10.8,,54.69,0.539,218541216.0
2020-08-08,NGA,Africa,Nigeria,2.027,1.658,0.027,0.037,0.018,0.019,0.0912,,,,,75.0,209.588,18.1,2.751,1.447,5338.454,,181.013,2.42,0.6,10.8,,54.69,0.539,218541216.0
2020-08-09,NGA,Africa,Nigeria,2.073,1.702,0.027,0.039,0.013,0.02,0.0913,,,,,75.0,209.588,18.1,2.751,1.447,5338.454,,181.013,2.42,0.6,10.8,,54.69,0.539,218541216.0
2020-08-10,NGA,Africa,Nigeria,2.0,1.788,0.014,0.037,0.011,0.021,0.0891,,,,,75.0,209.588,18.1,2.751,1.447,5338.454,,181.013,2.42,0.6,10.8,,54.69,0.539,218541216.0
2020-08-11,NGA,Africa,Nigeria,1.327,1.79,0.023,0.035,,0.017,0.1155,,,,,75.0,209.588,18.1,2.751,1.447,5338.454,,181.013,2.42,0.6,10.8,,54.69,0.539,218541216.0
2020-08-12,NGA,Africa,Nigeria,1.936,1.868,0.027,0.03,,0.022,0.0877,,,,,75.0,209.588,18.1,2.751,1.447,5338.454,,181.013,2.42,0.6,10.8,,54.69,0.539,218541216.0
2020-08-13,NGA,Africa,Nigeria,2.073,1.865,0.0,0.019,0.016,0.023,0.0832,,,,,75.0,209.588,18.1,2.751,1.447,5338.454,,181.013,2.42,0.6,10.8,,54.69,0.539,218541216.0
2020-08-14,NGA,Africa,Nigeria,1.707,1.877,0.046,0.024,0.014,0.023,0.0819,,,,,65.74,209.588,18.1,2.751,1.447,5338.454,,181.013,2.42,0.6,10.8,,54.69,0.539,218541216.0
2020-08-15,NGA,Africa,Nigeria,1.505,1.803,0.032,0.024,,0.022,0.08,,,,,65.74,209.588,18.1,2.751,1.447,5338.454,,181.013,2.42,0.6,10.8,,54.69,0.539,218541216.0
2020-08-16,NGA,Africa,Nigeria,1.487,1.719,0.005,0.021,,0.022,0.0753,,,,,65.74,209.588,18.1,2.751,1.447,5338.454,,181.013,2.42,0.6,10.8,,54.69,0.539,218541216.0
2020-08-17,NGA,Africa,Nigeria,1.364,1.628,0.005,0.02,0.01,0.022,0.0799,,,,,65.74,209.588,18.1,2.751,1.447,5338.454,,181.013,2.42,0.6,10.8,,54.69,0.539,218541216.0
2020-08-18,NGA,Africa,Nigeria,1.908,1.711,0.009,0.018,0.012,0.018,0.0993,,,,,65.74,209.588,18.1,2.751,1.447,5338.454,,181.013,2.42,0.6,10.8,,54.69,0.539,218541216.0
2020-08-19,NGA,Africa,Nigeria,1.876,1.703,0.018,0.016,0.038,0.017,0.1087,,,,,65.74,209.588,18.1,2.751,1.447,5338.454,,181.013,2.42,0.6,10.8,,54.69,0.539,218541216.0
2020-08-20,NGA,Africa,Nigeria,2.713,1.794,0.018,0.019,0.014,0.017,0.1147,,,,,65.74,209.588,18.1,2.751,1.447,5338.454,,181.013,2.42,0.6,10.8,,54.69,0.539,218541216.0
2020-08-21,NGA,Africa,Nigeria,2.178,1.862,0.032,0.017,0.017,0.017,0.1121,,,,,65.74,209.588,18.1,2.751,1.447,5338.454,,181.013,2.42,0.6,10.8,,54.69,0.539,218541216.0
2020-08-22,NGA,Africa,Nigeria,1.556,1.869,0.018,0.015,0.02,0.018,0.1179,,,,,65.74,209.588,18.1,2.751,1.447,5338.454,,181.013,2.42,0.6,10.8,,54.69,0.539,218541216.0
2020-08-23,NGA,Africa,Nigeria,2.75,2.049,0.005,0.015,0.018,0.018,0.1152,,,,,65.74,209.588,18.1,2.751,1.447,5338.454,,181.013,2.42,0.6,10.8,,54.69,0.539,218541216.0
2020-08-24,NGA,Africa,Nigeria,1.473,2.065,0.023,0.018,0.007,0.018,0.1138,,,,,65.74,209.588,18.1,2.751,1.447,5338.454,,181.013,2.42,0.6,10.8,,54.69,0.539,218541216.0
2020-08-25,NGA,Africa,Nigeria,1.469,2.002,0.009,0.018,0.017,0.019,0.104,,,,,65.74,209.588,18.1,2.751,1.447,5338.454,,181.013,2.42,0.6,10.8,,54.69,0.539,218541216.0
2020-08-26,NGA,Africa,Nigeria,1.153,1.899,0.014,0.017,0.024,0.017,0.1012,,,,,65.74,209.588,18.1,2.751,1.447,5338.454,,181.013,2.42,0.6,10.8,,54.69,0.539,218541216.0
2020-08-27,NGA,Africa,Nigeria,1.011,1.656,0.014,0.016,0.015,0.017,0.0932,,,,,65.74,209.588,18.1,2.751,1.447,5338.454,,181.013,2.42,0.6,10.8,,54.69,0.539,218541216.0
2020-08-28,NGA,Africa,Nigeria,1.354,1.538,0.005,0.012,0.014,0.016,0.0883,,,,,65.74,209.588,18.1,2.751,1.447,5338.454,,181.013,2.42,0.6,10.8,,54.69,0.539,218541216.0
2020-08-29,NGA,Africa,Nigeria,0.732,1.42,0.0,0.01,0.018,0.016,0.0752,,,,,65.74,209.588,18.1,2.751,1.447,5338.454,,181.013,2.42,0.6,10.8,,54.69,0.539,218541216.0
2020-08-30,NGA,Africa,Nigeria,1.144,1.191,0.0,0.009,0.018,0.016,0.0681,,,,,65.74,209.588,18.1,2.751,1.447,5338.454,,181.013,2.42,0.6,10.8,,54.69,0.539,218541216.0
2020-08-31,NGA,Africa,Nigeria,0.631,1.071,0.009,0.007,0.006,0.016,0.0613,,,,,65.74,209.588,18.1,2.751,1.447,5338.454,,181.013,2.42,0.6,10.8,,54.69,0.539,218541216.0
2020-09-01,NGA,Africa,Nigeria,0.654,0.954,0.0,0.006,,0.016,0.0601,,,,,65.74,209.588,18.1,2.751,1.447,5338.454,,181.013,2.42,0.6,10.8,,54.69,0.539,218541216.0
2020-09-02,NGA,Africa,Nigeria,1.094,0.946,0.046,0.01,,0.015,0.0634,,,,,65.74,209.588,18.1,2.751,1.447,5338.454,,181.013,2.42,0.6,10.8,,54.69,0.539,218541216.0
2020-09-03,NGA,Africa,Nigeria,0.988,0.943,0.018,0.011,0.01,0.015,0.0584,,,,,65.74,209.588,18.1,2.751,1.447,5338.454,,181.013,2.42,0.6,10.8,,54.69,0.539,218541216.0
2020-09-04,NGA,Africa,Nigeria,0.572,0.831,0.096,0.024,,0.014,0.0609,,,,,65.74,209.588,18.1,2.751,1.447,5338.454,,181.013,2.42,0.6,10.8,,54.69,0.539,218541216.0
2020-09-05,NGA,Africa,Nigeria,0.709,0.828,0.014,0.026,,0.013,0.0617,,,,,65.74,209.588,18.1,2.751,1.447,5338.454,,181.013,2.42,0.6,10.8,,54.69,0.539,218541216.0
2020-09-06,NGA,Africa,Nigeria,0.741,0.77,0.014,0.028,0.015,0.012,0.0617,,,,,65.74,209.588,18.1,2.751,1.447,5338.454,,181.013,2.42,0.6,10.8,,54.69,0.539,218541216.0
2020-09-07,NGA,Africa,Nigeria,0.458,0.745,0.014,0.029,0.017,0.014,0.0553,,,,,65.74,209.588,18.1,2.751,1.447,5338.454,,181.013,2.42,0.6,10.8,,54.69,0.539,218541216.0
2020-09-08,NGA,Africa,Nigeria,0.709,0.753,0.018,0.031,0.012,0.013,0.0617,,,,,65.74,209.588,18.1,2.751,1.447,5338.454,,181.013,2.42,0.6,10.8,,54.69,0.539,218541216.0
2020-09-09,NGA,Africa,Nigeria,1.354,0.79,0.027,0.029,0.018,0.013,0.0595,,,,,65.74,209.588,18.1,2.751,1.447,5338.454,,181.013,2.42,0.6,10.8,,54.69,0.539,218541216.0
2020-09-10,NGA,Africa,Nigeria,0.805,0.764,0.014,0.028,0.012,0.013,0.0622,,,,,65.74,209.588,18.1,2.751,1.447,5338.454,,181.013,2.42,0.6,10.8,,54.69,0.539,218541216.0
2020-09-11,NGA,Africa,Nigeria,0.901,0.811,0.023,0.018,0.014,0.014,0.061,,,,,60.19,209.588,18.1,2.751,1.447,5338.454,,181.013,2.42,0.6,10.8,,54.69,0.539,218541216.0
2020-09-12,NGA,Africa,Nigeria,0.86,0.833,0.005,0.016,0.009,0.014,0.0613,,,,,60.19,209.588,18.1,2.751,1.447,5338.454,,181.013,2.42,0.6,10.8,,54.69,0.539,218541216.0
2020-09-13,NGA,Africa,Nigeria,0.732,0.831,0.009,0.016,0.01,0.013,0.0635,,,,,60.19,209.588,18.1,2.751,1.447,5338.454,,181.013,2.42,0.6,10.8,,54.69,0.539,218541216.0
2020-09-14,NGA,Africa,Nigeria,0.361,0.818,0.018,0.016,0.009,0.012,0.0686,,,,,60.19,209.588,18.1,2.751,1.447,5338.454,,181.013,2.42,0.6,10.8,,54.69,0.539,218541216.0
2020-09-15,NGA,Africa,Nigeria,0.604,0.803,0.005,0.014,0.009,0.012,0.0595,,,,,60.19,209.588,18.1,2.751,1.447,5338.454,,181.013,2.42,0.6,10.8,,54.69,0.539,218541216.0
2020-09-16,NGA,Africa,Nigeria,0.412,0.668,0.023,0.014,,0.015,0.0429,,,,,60.19,209.588,18.1,2.751,1.447,5338.454,,181.013,2.42,0.6,10.8,,54.69,0.539,218541216.0
2020-09-17,NGA,Africa,Nigeria,0.577,0.635,0.014,0.014,,0.02,0.0306,,,,,60.19,209.588,18.1,2.751,1.447,5338.454,,181.013,2.42,0.6,10.8,,54.69,0.539,218541216.0
2020-09-18,NGA,Africa,Nigeria,0.599,0.592,0.009,0.012,,0.024,0.0261,,,,,60.19,209.588,18.1,2.751,1.447,5338.454,,181.013,2.42,0.6,10.8,,54.69,0.539,218541216.0
2020-09-19,NGA,Africa,Nigeria,1.011,0.614,0.005,0.012,,0.025,0.0262,,,,,60.19,209.588,18.1,2.751,1.447,5338.454,,181.013,2.42,0.6,10.8,,54.69,0.539,218541216.0
2020-09-20,NGA,Africa,Nigeria,0.865,0.633,0.005,0.011,,0.025,0.0261,,,,,60.19,209.588,18.1,2.751,1.447,5338.454,,181.013,2.42,0.6,10.8,,54.69,0.539,218541216.0
2020-09-21,NGA,Africa,Nigeria,0.444,0.645,0.014,0.01,,0.026,0.027,,,,,60.19,209.588,18.1,2.751,1.447,5338.454,,181.013,2.42,0.6,10.8,,54.69,0.539,218541216.0
2020-09-22,NGA,Africa,Nigeria,0.892,0.686,0.009,0.011,,0.026,0.0295,,,,,60.19,209.588,18.1,2.751,1.447,5338.454,,181.013,2.42,0.6,10.8,,54.69,0.539,218541216.0
2020-09-23,NGA,Africa,Nigeria,0.805,0.742,0.0,0.008,,0.021,0.0365,,,,,60.19,209.588,18.1,2.751,1.447,5338.454,,181.013,2.42,0.6,10.8,,54.69,0.539,218541216.0
2020-09-24,NGA,Africa,Nigeria,0.508,0.732,0.009,0.007,,0.018,0.042,,,,,60.19,209.588,18.1,2.751,1.447,5338.454,,181.013,2.42,0.6,10.8,,54.69,0.539,218541216.0
2020-09-25,NGA,Africa,Nigeria,0.572,0.728,0.0,0.006,,0.015,0.0494,,,,,54.63,209.588,18.1,2.751,1.447,5338.454,,181.013,2.42,0.6,10.8,,54.69,0.539,218541216.0
2020-09-26,NGA,Africa,Nigeria,0.975,0.723,0.005,0.006,0.037,0.018,0.0383,,,,,54.63,209.588,18.1,2.751,1.447,5338.454,,181.013,2.42,0.6,10.8,,54.69,0.539,218541216.0
2020-09-27,NGA,Africa,Nigeria,0.622,0.688,0.014,0.007,,0.018,0.0404,,,,,54.63,209.588,18.1,2.751,1.447,5338.454,,181.013,2.42,0.6,10.8,,54.69,0.539,218541216.0
2020-09-28,NGA,Africa,Nigeria,0.577,0.707,0.009,0.007,,0.017,0.0391,,,,,54.63,209.588,18.1,2.751,1.447,5338.454,,181.013,2.42,0.6,10.8,,54.69,0.539,218541216.0
2020-09-29,NGA,Africa,Nigeria,0.622,0.669,0.014,0.007,0.012,0.018,0.0382,,,,,54.63,209.588,18.1,2.751,1.447,5338.454,,181.013,2.42,0.6,10.8,,54.69,0.539,218541216.0
2020-09-30,NGA,Africa,Nigeria,0.856,0.676,0.0,0.007,,0.019,0.0397,,,,,54.63,209.588,18.1,2.751,1.447,5338.454,,181.013,2.42,0.6,10.8,,54.69,0.539,218541216.0
2020-10-01,NGA,Africa,Nigeria,0.92,0.735,0.005,0.007,,0.017,0.0445,,,,,54.63,209.588,18.1,2.751,1.447,5338.454,,181.013,2.42,0.6,10.8,,54.69,0.539,218541216.0
2020-10-02,NGA,Africa,Nigeria,0.7,0.753,0.0,0.007,,0.016,0.0455,,,,,54.63,209.588,18.1,2.751,1.447,5338.454,,181.013,2.42,0.6,10.8,,54.69,0.539,218541216.0
2020-10-03,NGA,Africa,Nigeria,0.577,0.696,0.0,0.006,,0.012,0.0597,,,,,54.63,209.588,18.1,2.751,1.447,5338.454,,181.013,2.42,0.6,10.8,,54.69,0.539,218541216.0
2020-10-04,NGA,Africa,Nigeria,0.732,0.712,0.005,0.005,0.056,0.019,0.0365,,,,,54.63,209.588,18.1,2.751,1.447,5338.454,,181.013,2.42,0.6,10.8,,54.69,0.539,218541216.0
2020-10-05,NGA,Africa,Nigeria,0.265,0.667,0.0,0.003,0.018,0.02,0.0339,,,,,54.63,209.588,18.1,2.751,1.447,5338.454,,181.013,2.42,0.6,10.8,,54.69,0.539,218541216.0
2020-10-06,NGA,Africa,Nigeria,0.549,0.657,0.0,0.001,,0.02,0.0307,,,,,54.63,209.588,18.1,2.751,1.447,5338.454,,181.013,2.42,0.6,10.8,,54.69,0.539,218541216.0
2020-10-07,NGA,Africa,Nigeria,0.54,0.612,0.0,0.001,,0.021,0.0287,,,,,54.63,209.588,18.1,2.751,1.447,5338.454,,181.013,2.42,0.6,10.8,,54.69,0.539,218541216.0
2020-10-08,NGA,Africa,Nigeria,0.709,0.582,0.0,0.001,0.009,0.02,0.0278,,,,,54.63,209.588,18.1,2.751,1.447,5338.454,,181.013,2.42,0.6,10.8,,54.69,0.539,218541216.0
2020-10-09,NGA,Africa,Nigeria,0.471,0.549,0.0,0.001,,0.02,0.0285,,,,,54.63,209.588,18.1,2.751,1.447,5338.454,,181.013,2.42,0.6,10.8,,54.69,0.539,218541216.0
2020-10-10,NGA,Africa,Nigeria,0.691,0.565,0.0,0.001,,0.02,0.0267,,,,,54.63,209.588,18.1,2.751,1.447,5338.454,,181.013,2.42,0.6,10.8,,54.69,0.539,218541216.0
2020-10-11,NGA,Africa,Nigeria,0.508,0.533,0.009,0.001,0.008,0.014,0.0454,,,,,54.63,209.588,18.1,2.751,1.447,5338.454,,181.013,2.42,0.6,10.8,,54.69,0.539,218541216.0
2020-10-12,NGA,Africa,Nigeria,0.746,0.602,0.0,0.001,0.005,0.012,0.0557,,,,,50.93,209.588,18.1,2.751,1.447,5338.454,,181.013,2.42,0.6,10.8,,54.69,0.539,218541216.0
2020-10-13,NGA,Africa,Nigeria,0.75,0.631,0.0,0.001,0.02,0.012,0.0587,,,,,50.93,209.588,18.1,2.751,1.447,5338.454,,181.013,2.42,0.6,10.8,,54.69,0.539,218541216.0
2020-10-14,NGA,Africa,Nigeria,1.03,0.701,0.005,0.002,0.031,0.014,0.0509,,,,,50.93,209.588,18.1,2.751,1.447,5338.454,,181.013,2.42,0.6,10.8,,54.69,0.539,218541216.0
2020-10-15,NGA,Africa,Nigeria,0.819,0.716,0.0,0.002,0.014,0.015,0.0507,,,,,50.93,209.588,18.1,2.751,1.447,5338.454,,181.013,2.42,0.6,10.8,,54.69,0.539,218541216.0
2020-10-16,NGA,Africa,Nigeria,0.677,0.746,0.0,0.002,0.023,0.016,0.0494,,,,,50.93,209.588,18.1,2.751,1.447,5338.454,,181.013,2.42,0.6,10.8,,54.69,0.539,218541216.0
2020-10-17,NGA,Africa,Nigeria,0.97,0.786,0.014,0.004,0.016,0.017,0.0485,,,,,50.93,209.588,18.1,2.751,1.447,5338.454,,181.013,2.42,0.6,10.8,,54.69,0.539,218541216.0
2020-10-18,NGA,Africa,Nigeria,0.517,0.787,0.018,0.005,0.012,0.017,0.0455,,,,,50.93,209.588,18.1,2.751,1.447,5338.454,,181.013,2.42,0.6,10.8,,54.69,0.539,218541216.0
2020-10-19,NGA,Africa,Nigeria,0.609,0.767,0.009,0.007,,0.021,0.0367,,,,,50.93,209.588,18.1,2.751,1.447,5338.454,,181.013,2.42,0.6,10.8,,54.69,0.539,218541216.0
2020-10-20,NGA,Africa,Nigeria,0.54,0.737,0.0,0.007,,0.022,0.0302,,,,,50.93,209.588,18.1,2.751,1.447,5338.454,,181.013,2.42,0.6,10.8,,54.69,0.539,218541216.0
2020-10-21,NGA,Africa,Nigeria,0.329,0.637,0.0,0.006,0.022,0.02,0.0275,,,,,50.93,209.588,18.1,2.751,1.447,5338.454,,181.013,2.42,0.6,10.8,,54.69,0.539,218541216.0
2020-10-22,NGA,Africa,Nigeria,0.169,0.545,0.0,0.006,,0.021,0.0266,,,,,50.93,209.588,18.1,2.751,1.447,5338.454,,181.013,2.42,0.6,10.8,,54.69,0.539,218541216.0
2020-10-23,NGA,Africa,Nigeria,0.631,0.538,0.009,0.007,,0.02,0.0233,,,,,50.93,209.588,18.1,2.751,1.447,5338.454,,181.013,2.42,0.6,10.8,,54.69,0.539,218541216.0
2020-10-24,NGA,Africa,Nigeria,0.352,0.45,0.009,0.007,,0.018,0.0233,,,,,50.93,209.588,18.1,2.751,1.447,5338.454,,181.013,2.42,0.6,10.8,,54.69,0.539,218541216.0
2020-10-25,NGA,Africa,Nigeria,0.22,0.407,0.0,0.004,,0.017,0.0223,,,,,50.93,209.588,18.1,2.751,1.447,5338.454,,181.013,2.42,0.6,10.8,,54.69,0.539,218541216.0
2020-10-26,NGA,Africa,Nigeria,0.284,0.361,0.005,0.003,0.04,0.018,0.0202,,,,,50.93,209.588,18.1,2.751,1.447,5338.454,,181.013,2.42,0.6,10.8,,54.69,0.539,218541216.0
2020-10-27,NGA,Africa,Nigeria,0.545,0.361,0.009,0.005,0.011,0.016,0.0249,,,,,50.93,209.588,18.1,2.751,1.447,5338.454,,181.013,2.42,0.6,10.8,,54.69,0.539,218541216.0
2020-10-28,NGA,Africa,Nigeria,0.517,0.388,0.014,0.007,0.015,0.015,0.0313,,,,,50.93,209.588,18.1,2.751,1.447,5338.454,,181.013,2.42,0.6,10.8,,54.69,0.539,218541216.0
2020-10-29,NGA,Africa,Nigeria,0.673,0.46,0.018,0.009,0.014,0.015,0.0326,,,,,50.93,209.588,18.1,2.751,1.447,5338.454,,181.013,2.42,0.6,10.8,,54.69,0.539,218541216.0
2020-10-30,NGA,Africa,Nigeria,0.686,0.468,0.009,0.009,,0.014,0.0387,,,,,50.93,209.588,18.1,2.751,1.447,5338.454,,181.013,2.42,0.6,10.8,,54.69,0.539,218541216.0
2020-10-31,NGA,Africa,Nigeria,0.778,0.529,0.014,0.01,,0.015,0.0409,,,,,50.93,209.588,18.1,2.751,1.447,5338.454,,181.013,2.42,0.6,10.8,,54.69,0.539,218541216.0
2020-11-01,NGA,Africa,Nigeria,0.741,0.603,0.0,0.01,0.01,0.016,0.0405,,,,,50.93,209.588,18.1,2.751,1.447,5338.454,,181.013,2.42,0.6,10.8,,54.69,0.539,218541216.0
2020-11-02,NGA,Africa,Nigeria,0.508,0.635,0.009,0.01,,0.02,0.0317,,,,,50.93,209.588,18.1,2.751,1.447,5338.454,,181.013,2.42,0.6,10.8,,54.69,0.539,218541216.0
2020-11-03,NGA,Africa,Nigeria,0.329,0.605,0.005,0.01,,0.027,0.0234,,,,,50.93,209.588,18.1,2.751,1.447,5338.454,,181.013,2.42,0.6,10.8,,54.69,0.539,218541216.0
2020-11-04,NGA,Africa,Nigeria,0.627,0.62,0.009,0.009,,0.034,0.0188,,,,,50.93,209.588,18.1,2.751,1.447,5338.454,,181.013,2.42,0.6,10.8,,54.69,0.539,218541216.0
2020-11-05,NGA,Africa,Nigeria,0.709,0.626,0.018,0.009,0.021,0.035,0.0188,,,,,50.93,209.588,18.1,2.751,1.447,5338.454,,181.013,2.42,0.6,10.8,,54.69,0.539,218541216.0
2020-11-06,NGA,Africa,Nigeria,0.824,0.645,0.0,0.008,,0.036,0.0192,,,,,50.93,209.588,18.1,2.751,1.447,5338.454,,181.013,2.42,0.6,10.8,,54.69,0.539,218541216.0
2020-11-07,NGA,Africa,Nigeria,1.02,0.68,0.005,0.007,,0.038,0.0167,,,,,50.93,209.588,18.1,2.751,1.447,5338.454,,181.013,2.42,0.6,10.8,,54.69,0.539,218541216.0
2020-11-08,NGA,Africa,Nigeria,0.27,0.613,0.0,0.007,0.022,0.039,0.0192,,,,,50.93,209.588,18.1,2.751,1.447,5338.454,,181.013,2.42,0.6,10.8,,54.69,0.539,218541216.0
2020-11-09,NGA,Africa,Nigeria,1.373,0.736,0.0,0.005,0.007,0.031,0.0246,,,,,50.93,209.588,18.1,2.751,1.447,5338.454,,181.013,2.42,0.6,10.8,,54.69,0.539,218541216.0
2020-11-10,NGA,Africa,Nigeria,0.43,0.75,0.018,0.007,,0.024,0.0322,,,,,50.93,209.588,18.1,2.751,1.447,5338.454,,181.013,2.42,0.6,10.8,,54.69,0.539,218541216.0
2020-11-11,NGA,Africa,Nigeria,0.696,0.76,0.009,0.007,,0.017,0.0464,,,,,50.93,209.588,18.1,2.751,1.447,5338.454,,181.013,2.42,0.6,10.8,,54.69,0.539,218541216.0
2020-11-12,NGA,Africa,Nigeria,0.824,0.777,0.009,0.006,,0.016,0.0501,,,,,50.93,209.588,18.1,2.751,1.447,5338.454,,181.013,2.42,0.6,10.8,,54.69,0.539,218541216.0
2020-11-13,NGA,Africa,Nigeria,0.97,0.797,0.0,0.006,,0.016,0.0475,,,,,50.93,209.588,18.1,2.751,1.447,5338.454,,181.013,2.42,0.6,10.8,,54.69,0.539,218541216.0
2020-11-14,NGA,Africa,Nigeria,0.714,0.754,0.005,0.006,,0.016,0.0498,,,,,50.93,209.588,18.1,2.751,1.447,5338.454,,181.013,2.42,0.6,10.8,,54.69,0.539,218541216.0
2020-11-15,NGA,Africa,Nigeria,0.512,0.788,0.0,0.006,,0.016,0.0453,,,,,50.93,209.588,18.1,2.751,1.447,5338.454,,181.013,2.42,0.6,10.8,,54.69,0.539,218541216.0
2020-11-16,NGA,Africa,Nigeria,0.696,0.692,0.0,0.006,,0.017,0.0436,,,,,50.93,209.588,18.1,2.751,1.447,5338.454,,181.013,2.42,0.6,10.8,,54.69,0.539,218541216.0
2020-11-17,NGA,Africa,Nigeria,0.718,0.733,0.0,0.003,,0.018,0.0424,,,,,50.93,209.588,18.1,2.751,1.447,5338.454,,181.013,2.42,0.6,10.8,,54.69,0.539,218541216.0
2020-11-18,NGA,Africa,Nigeria,0.696,0.733,0.0,0.002,,0.018,0.0433,,,,,50.93,209.588,18.1,2.751,1.447,5338.454,,181.013,2.42,0.6,10.8,,54.69,0.539,218541216.0
2020-11-19,NGA,Africa,Nigeria,1.08,0.769,0.0,0.001,0.015,0.018,0.0408,,,,,50.93,209.588,18.1,2.751,1.447,5338.454,,181.013,2.42,0.6,10.8,,54.69,0.539,218541216.0
2020-11-20,NGA,Africa,Nigeria,0.668,0.726,0.009,0.002,0.016,0.018,0.0415,,,,,50.93,209.588,18.1,2.751,1.447,5338.454,,181.013,2.42,0.6,10.8,,54.69,0.539,218541216.0
2020-11-21,NGA,Africa,Nigeria,0.654,0.718,0.0,0.001,0.052,0.022,0.0369,,,,,50.93,209.588,18.1,2.751,1.447,5338.454,,181.013,2.42,0.6,10.8,,54.69,0.539,218541216.0
2020-11-22,NGA,Africa,Nigeria,1.126,0.805,0.005,0.002,0.019,0.022,0.0368,,,,,50.93,209.588,18.1,2.751,1.447,5338.454,,181.013,2.42,0.6,10.8,,54.69,0.539,218541216.0
2020-11-23,NGA,Africa,Nigeria,0.709,0.807,0.005,0.003,,0.022,0.0348,,,,,50.93,209.588,18.1,2.751,1.447,5338.454,,181.013,2.42,0.6,10.8,,54.69,0.539,218541216.0
2020-11-24,NGA,Africa,Nigeria,0.256,0.741,0.005,0.003,,0.021,0.0365,,,,,50.93,209.588,18.1,2.751,1.447,5338.454,,181.013,2.42,0.6,10.8,,54.69,0.539,218541216.0
2020-11-25,NGA,Africa,Nigeria,0.769,0.752,0.005,0.004,,0.021,0.0357,,,,,50.93,209.588,18.1,2.751,1.447,5338.454,,181.013,2.42,0.6,10.8,,54.69,0.539,218541216.0
2020-11-26,NGA,Africa,Nigeria,0.906,0.727,0.0,0.004,,0.021,0.0361,,,,,50.93,209.588,18.1,2.751,1.447,5338.454,,181.013,2.42,0.6,10.8,,54.69,0.539,218541216.0
2020-11-27,NGA,Africa,Nigeria,0.773,0.742,0.0,0.003,,0.022,0.0377,,,,,50.93,209.588,18.1,2.751,1.447,5338.454,,181.013,2.42,0.6,10.8,,54.69,0.539,218541216.0
2020-11-28,NGA,Africa,Nigeria,1.126,0.809,0.009,0.004,,0.018,0.0417,,,,,50.93,209.588,18.1,2.751,1.447,5338.454,,181.013,2.42,0.6,10.8,,54.69,0.539,218541216.0
2020-11-29,NGA,Africa,Nigeria,0.503,0.72,0.0,0.003,,0.018,0.0381,,,,,50.93,209.588,18.1,2.751,1.447,5338.454,,181.013,2.42,0.6,10.8,,54.69,0.539,218541216.0
2020-11-30,NGA,Africa,Nigeria,0.375,0.673,0.009,0.004,,0.019,0.0388,,,,,50.93,209.588,18.1,2.751,1.447,5338.454,,181.013,2.42,0.6,10.8,,54.69,0.539,218541216.0
2020-12-01,NGA,Africa,Nigeria,0.663,0.731,0.0,0.003,,0.02,0.0403,,,,,50.93,209.588,18.1,2.751,1.447,5338.454,,181.013,2.42,0.6,10.8,,54.69,0.539,218541216.0
2020-12-02,NGA,Africa,Nigeria,1.286,0.805,0.014,0.005,,0.021,0.0373,,,,,50.93,209.588,18.1,2.751,1.447,5338.454,,181.013,2.42,0.6,10.8,,54.69,0.539,218541216.0
2020-12-03,NGA,Africa,Nigeria,0.558,0.755,0.005,0.005,,0.021,0.0424,,,,,50.93,209.588,18.1,2.751,1.447,5338.454,,181.013,2.42,0.6,10.8,,54.69,0.539,218541216.0
2020-12-04,NGA,Africa,Nigeria,1.569,0.869,0.009,0.007,,0.02,0.046,,,,,50.93,209.588,18.1,2.751,1.447,5338.454,,181.013,2.42,0.6,10.8,,54.69,0.539,218541216.0
2020-12-05,NGA,Africa,Nigeria,1.483,0.92,0.0,0.005,,0.02,0.0537,,,,,50.93,209.588,18.1,2.751,1.447,5338.454,,181.013,2.42,0.6,10.8,,54.69,0.539,218541216.0
2020-12-06,NGA,Africa,Nigeria,1.418,1.05,0.005,0.006,,0.02,0.063,,,,,50.93,209.588,18.1,2.751,1.447,5338.454,,181.013,2.42,0.6,10.8,,54.69,0.539,218541216.0
2020-12-07,NGA,Africa,Nigeria,1.455,1.205,0.0,0.005,,0.019,0.073,,,,,50.93,209.588,18.1,2.751,1.447,5338.454,,181.013,2.42,0.6,10.8,,54.69,0.539,218541216.0
2020-12-08,NGA,Africa,Nigeria,1.785,1.365,0.005,0.005,0.067,0.026,0.0617,,,,,50.93,209.588,18.1,2.751,1.447,5338.454,,181.013,2.42,0.6,10.8,,54.69,0.539,218541216.0
2020-12-09,NGA,Africa,Nigeria,2.517,1.541,0.005,0.004,0.02,0.026,0.0702,,,,,50.93,209.588,18.1,2.751,1.447,5338.454,,181.013,2.42,0.6,10.8,,54.69,0.539,218541216.0
2020-12-10,NGA,Africa,Nigeria,2.169,1.771,0.009,0.005,0.035,0.028,0.0722,,,,,50.93,209.588,18.1,2.751,1.447,5338.454,,181.013,2.42,0.6,10.8,,54.69,0.539,218541216.0
2020-12-11,NGA,Africa,Nigeria,3.089,1.988,0.027,0.007,0.019,0.028,0.0832,,,,,50.93,209.588,18.1,2.751,1.447,5338.454,,181.013,2.42,0.6,10.8,,54.69,0.539,218541216.0
2020-12-12,NGA,Africa,Nigeria,3.642,2.296,0.0,0.007,0.021,0.029,0.0893,,,,,50.93,209.588,18.1,2.751,1.447,5338.454,,181.013,2.42,0.6,10.8,,54.69,0.539,218541216.0
2020-12-13,NGA,Africa,Nigeria,2.823,2.497,0.018,0.009,0.033,0.031,0.0855,,,,,50.93,209.588,18.1,2.751,1.447,5338.454,,181.013,2.42,0.6,10.8,,54.69,0.539,218541216.0
2020-12-14,NGA,Africa,Nigeria,1.913,2.562,0.014,0.011,0.013,0.03,0.0837,,,,,50.93,209.588,18.1,2.751,1.447,5338.454,,181.013,2.42,0.6,10.8,,54.69,0.539,218541216.0
2020-12-15,NGA,Africa,Nigeria,0.911,2.438,0.0,0.01,,0.024,0.1098,,,,,50.93,209.588,18.1,2.751,1.447,5338.454,,181.013,2.42,0.6,10.8,,54.69,0.539,218541216.0
2020-12-16,NGA,Africa,Nigeria,3.468,2.574,0.014,0.012,,0.025,0.1183,,,,,50.93,209.588,18.1,2.751,1.447,5338.454,,181.013,2.42,0.6,10.8,,54.69,0.539,218541216.0
2020-12-17,NGA,Africa,Nigeria,4.255,2.872,0.0,0.01,0.022,0.023,0.1415,,,,,50.93,209.588,18.1,2.751,1.447,5338.454,,181.013,2.42,0.6,10.8,,54.69,0.539,218541216.0
2020-12-18,NGA,Africa,Nigeria,5.239,3.179,0.005,0.007,0.025,0.024,0.1368,,,,,50.93,209.588,18.1,2.751,1.447,5338.454,,181.013,2.42,0.6,10.8,,54.69,0.539,218541216.0
2020-12-19,NGA,Africa,Nigeria,3.688,3.185,0.05,0.014,0.025,0.024,0.1427,,,,,50.93,209.588,18.1,2.751,1.447,5338.454,,181.013,2.42,0.6,10.8,,54.69,0.539,218541216.0
2020-12-20,NGA,Africa,Nigeria,4.21,3.383,0.027,0.016,,0.026,0.1361,,,,,50.93,209.588,18.1,2.751,1.447,5338.454,,181.013,2.42,0.6,10.8,,54.69,0.539,218541216.0
2020-12-21,NGA,Africa,Nigeria,2.292,3.438,0.014,0.016,,0.03,0.1193,,,,,50.93,209.588,18.1,2.751,1.447,5338.454,,181.013,2.42,0.6,10.8,,54.69,0.539,218541216.0
2020-12-22,NGA,Africa,Nigeria,1.629,3.54,0.027,0.02,0.048,0.033,0.1131,,,,,58.33,209.588,18.1,2.751,1.447,5338.454,,181.013,2.42,0.6,10.8,,54.69,0.539,218541216.0
2020-12-23,NGA,Africa,Nigeria,4.571,3.698,0.018,0.02,,0.033,0.1206,,,,,58.33,209.588,18.1,2.751,1.447,5338.454,,181.013,2.42,0.6,10.8,,54.69,0.539,218541216.0
2020-12-24,NGA,Africa,Nigeria,5.184,3.831,0.023,0.024,,0.032,0.1199,,,,,58.33,209.588,18.1,2.751,1.447,5338.454,,181.013,2.42,0.6,10.8,,54.69,0.539,218541216.0
2020-12-25,NGA,Africa,Nigeria,4.768,3.763,0.027,0.027,,0.033,0.1163,,,,,58.33,209.588,18.1,2.751,1.447,5338.454,,181.013,2.42,0.6,10.8,,54.69,0.539,218541216.0
2020-12-26,NGA,Africa,Nigeria,3.583,3.748,0.018,0.022,,0.034,0.1115,,,,,58.33,209.588,18.1,2.751,1.447,5338.454,,181.013,2.42,0.6,10.8,,54.69,0.539,218541216.0
2020-12-27,NGA,Africa,Nigeria,3.793,3.689,0.005,0.019,,0.03,0.1339,,,,,58.33,209.588,18.1,2.751,1.447,5338.454,,181.013,2.42,0.6,10.8,,54.69,0.539,218541216.0
2020-12-28,NGA,Africa,Nigeria,3.835,3.909,0.032,0.022,,0.026,0.1554,,,,,58.33,209.588,18.1,2.751,1.447,5338.454,,181.013,2.42,0.6,10.8,,54.69,0.539,218541216.0
2020-12-29,NGA,Africa,Nigeria,1.817,3.936,0.046,0.024,0.025,0.023,0.1702,,,,,58.33,209.588,18.1,2.751,1.447,5338.454,,181.013,2.42,0.6,10.8,,54.69,0.539,218541216.0
2020-12-30,NGA,Africa,Nigeria,3.427,3.772,0.014,0.024,0.004,0.021,0.1845,,,,,58.33,209.588,18.1,2.751,1.447,5338.454,,181.013,2.42,0.6,10.8,,54.69,0.539,218541216.0
2020-12-31,NGA,Africa,Nigeria,4.649,3.696,0.05,0.027,0.044,0.024,0.1571,,,,,58.33,209.588,18.1,2.751,1.447,5338.454,,181.013,2.42,0.6,10.8,,54.69,0.539,218541216.0
