YEAR,MO,DY,ALLSKY_SFC_SW_DWN,WS2M,PRECTOTCORR,RH2M,QV2M,T2M_RANGE,PS,WS50M_RANGE,WS10M_RANGE
2020,1,1,0.28,0.53,0.21,98.44,0.79,-270.52,96.28,1.9,1.05
2020,1,2,0.25,0.84,0.65,98.69,0.67,-270.73,97.21,2.02,1.7
2020,1,3,0.39,0.7,0.52,97.75,0.55,-266.15,97.94,5.14,2.23
2020,1,4,0.26,1.41,6.61,98.94,0.92,-265.76,96.85,7.73,5.11
2020,1,5,0.32,0.95,0.65,98.88,0.49,-265.67,97.84,7.98,5.27
2020,1,6,0.39,1.12,0.47,98.69,0.31,-269.28,98.75,1.7,2.1
2020,1,7,0.36,0.52,0.14,98.62,0.18,-268.13,99.16,3.05,1.27
2020,1,8,0.37,0.7,0.06,98.69,0.12,-264.91,98.86,3.56,1.73
2020,1,9,0.45,0.64,0.39,96.56,0.12,-262.65,99.52,4.63,2.1
2020,1,10,0.45,0.57,0.44,97.62,0.18,-259.99,99.17,4.31,2.38
2020,1,11,0.38,0.86,0.28,99.0,0.12,-262.83,99.29,2.48,1.74
2020,1,12,0.37,1.39,0.93,99.06,0.12,-268.8,99.47,1.15,1.01
2020,1,13,0.48,0.98,0.19,99.38,0.12,-267.36,99.8,2.27,1.45
2020,1,14,0.55,0.68,0.05,98.69,0.06,-269.38,99.98,2.93,1.09
2020,1,15,0.53,0.71,0.06,98.94,0.12,-268.45,100.41,3.65,1.28
2020,1,16,0.48,0.85,0.1,97.94,0.12,-267.12,100.24,3.94,2.53
2020,1,17,0.61,0.7,0.09,99.19,0.12,-266.67,100.22,4.84,1.83
2020,1,18,0.65,0.73,0.05,93.69,0.12,-265.24,100.62,6.49,2.89
2020,1,19,0.61,1.22,0.22,99.25,0.24,-261.35,98.98,1.97,2.16
2020,1,20,0.45,0.77,12.94,99.75,0.92,-262.17,97.34,4.09,1.64
2020,1,21,0.55,1.28,3.33,97.88,0.73,-260.85,97.13,7.68,5.38
2020,1,22,0.49,1.1,0.07,99.62,0.79,-259.98,97.49,1.83,1.77
2020,1,23,0.54,0.8,1.47,99.56,0.92,-264.31,97.59,4.31,2.43
2020,1,24,0.5,0.73,0.69,99.25,0.98,-266.18,97.43,6.12,3.36
2020,1,25,0.4,0.78,0.31,99.19,1.04,-267.66,97.84,5.03,2.34
2020,1,26,0.48,0.78,0.12,99.19,0.92,-263.2,98.07,3.88,1.77
2020,1,27,0.57,0.84,0.3,99.88,1.28,-264.06,97.62,2.26,1.55
2020,1,28,0.66,0.88,0.06,97.19,0.85,-264.88,97.94,5.76,2.73
2020,1,29,0.46,1.23,0.97,99.44,1.53,-259.36,96.87,2.63,2.49
2020,1,30,0.95,1.08,2.45,99.25,2.08,-265.61,96.62,4.9,2.63
2020,1,31,0.98,1.36,0.95,99.25,1.1,-252.0,96.58,10.12,7.3
2020,2,1,0.56,1.05,0.17,99.12,0.49,-265.01,96.87,3.0,2.63
2020,2,2,0.61,1.19,0.48,98.5,0.37,-268.74,98.53,1.16,1.28
2020,2,3,0.95,0.83,0.11,99.0,0.31,-261.2,98.65,2.29,2.08
2020,2,4,1.11,0.75,0.07,98.12,0.24,-260.65,97.78,4.65,2.51
2020,2,5,0.57,1.33,3.09,98.56,0.43,-261.1,97.35,2.6,2.27
2020,2,6,0.62,0.61,0.34,99.19,0.61,-267.91,97.43,2.41,1.35
2020,2,7,0.85,0.53,0.15,97.31,0.73,-265.41,97.94,4.34,1.99
2020,2,8,0.9,0.57,0.27,99.19,0.61,-267.13,98.28,5.05,2.2
2020,2,9,1.02,0.98,0.15,99.38,0.92,-264.27,97.73,5.54,2.94
2020,2,10,1.22,0.98,0.09,99.69,0.98,-260.18,98.05,3.62,1.99
2020,2,11,1.5,0.89,0.02,99.19,0.12,-257.54,99.42,2.73,1.14
2020,2,12,1.6,1.28,0.02,99.12,0.18,-258.9,99.5,2.57,1.62
2020,2,13,0.52,1.59,6.49,98.31,0.55,-263.95,96.79,8.25,5.49
2020,2,14,1.48,1.99,0.5,98.38,0.43,-268.4,97.65,4.89,3.88
2020,2,15,1.4,0.5,0.91,98.81,0.31,-263.89,98.47,4.47,1.98
2020,2,16,1.35,0.92,0.27,98.94,0.24,-264.11,98.83,3.28,2.07
2020,2,17,1.97,1.07,0.01,98.75,0.18,-264.65,99.74,1.85,1.84
2020,2,18,1.96,1.31,0.03,97.81,0.31,-257.76,99.56,4.5,2.2
2020,2,19,1.44,0.91,0.05,98.62,1.46,-250.43,98.04,3.37,1.84
2020,2,20,1.99,1.78,0.01,97.69,2.75,-268.02,96.85,4.34,2.35
2020,2,21,1.46,0.88,1.24,98.56,2.62,-263.44,96.24,5.69,2.29
2020,2,22,1.4,0.88,0.31,99.25,1.89,-259.43,96.77,2.93,1.83
2020,2,23,1.5,0.64,0.77,99.12,0.73,-267.45,98.19,3.39,1.87
2020,2,24,2.22,0.66,0.11,97.81,0.43,-264.14,99.87,5.09,2.48
2020,2,25,2.15,0.81,0.54,99.19,0.67,-261.65,99.68,3.63,1.23
2020,2,26,1.68,0.44,0.39,99.06,0.98,-266.29,98.38,6.74,2.52
2020,2,27,2.31,0.47,0.1,99.44,1.4,-262.59,97.59,6.27,1.92
2020,2,28,1.52,1.23,4.18,99.31,1.34,-261.89,97.47,4.93,4.12
2020,2,29,1.98,1.16,0.45,98.62,0.61,-267.9,98.41,2.33,1.9
2020,3,1,2.16,1.0,0.4,99.44,0.55,-258.57,97.28,3.03,2.73
2020,3,2,2.23,0.94,0.31,98.81,0.73,-264.86,96.4,5.22,3.41
2020,3,3,1.97,0.68,2.33,98.75,1.16,-262.49,96.41,5.75,2.66
2020,3,4,2.7,0.8,0.26,98.88,0.61,-267.06,97.7,3.15,0.88
2020,3,5,2.13,0.7,0.72,99.0,0.49,-264.29,99.01,2.92,1.98
2020,3,6,2.71,1.12,0.97,98.69,0.49,-267.49,99.25,4.56,3.57
2020,3,7,2.39,0.67,0.11,98.5,0.37,-261.62,99.67,4.59,2.16
2020,3,8,2.45,1.07,0.13,99.12,0.55,-257.52,98.55,3.26,2.99
2020,3,9,3.07,0.77,0.2,99.56,0.92,-261.23,97.78,2.07,1.57
2020,3,10,2.13,0.83,0.61,99.44,1.77,-261.21,96.58,3.52,2.02
2020,3,11,2.45,1.16,0.62,99.19,1.1,-266.98,98.11,1.51,1.23
2020,3,12,2.89,1.23,0.7,98.69,0.55,-267.75,100.07,2.26,1.52
2020,3,13,3.61,0.99,0.35,97.75,0.49,-261.71,101.15,4.41,2.53
2020,3,14,3.11,0.92,0.03,98.5,0.67,-253.77,100.74,3.98,1.16
2020,3,15,3.38,1.27,0.59,98.56,1.83,-261.27,99.19,4.54,2.54
2020,3,16,3.88,1.02,0.2,97.75,0.85,-264.22,99.13,5.96,3.73
2020,3,17,3.7,0.35,0.36,95.62,0.67,-264.95,99.45,2.03,1.23
2020,3,18,3.98,0.62,0.28,98.0,0.79,-260.7,99.55,4.77,2.45
2020,3,19,3.93,0.78,0.03,99.0,0.98,-256.61,100.0,2.62,1.88
2020,3,20,3.94,0.77,0.01,98.94,1.4,-261.85,98.86,3.31,1.61
2020,3,21,2.67,1.1,3.84,99.19,2.44,-264.45,97.82,5.5,3.93
2020,3,22,3.7,0.88,0.67,95.25,2.38,-264.18,98.05,5.73,3.27
2020,3,23,3.0,1.11,1.17,99.44,1.28,-259.43,98.72,4.43,3.35
2020,3,24,4.57,0.58,0.07,99.19,0.73,-257.42,98.75,5.37,2.1
2020,3,25,4.4,0.51,0.12,99.19,1.59,-254.28,97.16,3.85,1.22
2020,3,26,2.53,0.99,11.17,99.25,1.53,-261.74,96.44,5.65,4.55
2020,3,27,2.88,0.67,1.1,99.12,0.73,-263.68,97.86,3.67,2.16
2020,3,28,4.93,0.87,0.27,97.25,0.55,-265.7,99.0,4.63,3.42
2020,3,29,3.96,0.62,0.73,98.88,0.79,-259.79,99.11,2.2,1.66
2020,3,30,4.85,0.66,0.42,98.94,0.92,-265.11,99.78,2.52,1.17
2020,3,31,4.94,0.69,0.26,99.12,0.85,-263.1,100.39,3.17,1.3
2020,4,1,3.83,0.76,0.78,98.94,0.67,-264.9,100.49,2.27,1.45
2020,4,2,4.71,0.76,3.27,98.88,0.55,-269.78,99.73,3.35,2.31
2020,4,3,5.01,0.61,0.46,98.75,0.73,-264.93,98.99,3.09,1.52
2020,4,4,5.31,0.45,0.14,99.0,1.28,-257.67,98.68,3.65,0.97
2020,4,5,5.09,0.38,0.32,99.44,1.71,-260.25,98.41,4.46,1.49
2020,4,6,3.21,0.65,0.85,99.12,2.32,-268.0,97.38,2.09,2.27
2020,4,7,4.21,0.78,1.27,99.25,2.26,-266.97,97.63,7.24,4.09
2020,4,8,4.76,0.75,0.4,96.62,2.14,-263.66,99.1,7.05,4.09
2020,4,9,4.91,0.77,2.92,99.06,2.87,-263.35,97.79,6.03,3.45
2020,4,10,4.18,0.9,0.96,99.0,1.95,-268.67,98.82,4.16,2.91
2020,4,11,5.23,0.77,0.91,99.0,1.53,-264.31,99.48,1.45,2.2
2020,4,12,5.66,0.62,0.2,96.38,1.16,-263.77,99.85,3.8,1.83
2020,4,13,5.79,0.4,0.05,99.25,1.95,-257.56,98.93,3.79,0.99
2020,4,14,5.07,0.4,1.13,98.5,2.44,-264.99,98.83,5.04,2.12
2020,4,15,5.92,0.48,0.51,98.31,2.81,-266.6,99.63,4.6,2.01
2020,4,16,5.63,0.3,0.18,99.38,3.36,-266.21,97.8,3.04,1.6
2020,4,17,4.14,0.66,1.51,99.38,3.36,-264.0,97.62,3.68,3.2
2020,4,18,3.74,0.34,0.92,99.38,3.05,-263.21,97.7,6.62,3.69
2020,4,19,4.42,0.59,0.71,98.94,2.93,-262.44,97.66,5.62,3.38
2020,4,20,4.05,0.46,6.61,99.5,2.38,-264.09,97.79,4.52,2.53
2020,4,21,3.69,0.27,2.81,99.44,3.3,-267.18,97.37,3.23,2.03
2020,4,22,3.3,0.23,3.18,99.62,3.42,-265.84,97.35,4.41,2.57
2020,4,23,5.27,0.16,0.66,98.69,2.93,-262.28,98.03,4.42,1.56
2020,4,24,5.1,0.16,6.91,99.44,3.42,-268.71,98.32,3.41,1.34
2020,4,25,4.19,0.38,4.66,99.81,2.93,-267.09,97.69,2.03,2.02
2020,4,26,5.29,0.55,1.01,99.38,1.65,-266.34,97.87,5.01,2.96
2020,4,27,5.97,0.38,0.62,99.56,2.87,-256.6,97.51,2.77,1.77
2020,4,28,6.49,0.27,0.3,99.69,3.78,-271.24,97.44,2.56,0.7
2020,4,29,5.85,0.5,1.75,96.69,4.09,-269.21,97.37,4.91,1.77
2020,4,30,2.94,0.23,1.38,99.69,3.78,-271.73,97.78,1.99,1.13
2020,5,1,3.76,0.15,5.44,99.62,3.85,-271.63,98.4,1.42,0.85
2020,5,2,3.41,0.22,0.22,95.88,3.78,-265.89,98.65,3.29,1.28
2020,5,3,6.73,0.25,0.12,82.69,4.09,-258.36,98.51,4.55,1.3
2020,5,4,6.6,0.24,0.15,80.44,4.03,-261.48,99.09,4.67,2.43
2020,5,5,6.93,0.26,0.1,70.94,3.66,-258.79,99.41,4.52,1.79
2020,5,6,6.03,0.23,0.93,77.94,4.94,-255.47,98.93,3.62,2.02
2020,5,7,6.41,0.35,0.26,84.06,4.7,-262.6,99.65,4.02,2.39
2020,5,8,5.73,0.27,0.58,80.38,4.15,-263.26,100.02,5.24,3.09
2020,5,9,5.49,0.2,0.12,68.81,3.05,-260.75,100.89,2.86,1.01
2020,5,10,7.62,0.15,0.01,68.5,2.99,-259.22,100.78,4.58,1.23
2020,5,11,7.6,0.17,0.0,63.75,3.05,-257.77,99.33,4.15,0.82
2020,5,12,7.0,0.23,0.48,70.94,4.52,-254.51,97.66,3.38,1.75
2020,5,13,4.35,0.19,1.47,74.06,2.75,-264.42,97.63,1.88,1.38
2020,5,14,6.39,0.24,1.18,65.88,1.95,-267.99,98.58,4.29,3.11
2020,5,15,5.74,0.34,0.46,75.38,3.11,-264.71,98.3,4.43,2.32
2020,5,16,5.88,0.17,1.95,79.19,3.54,-260.06,98.05,5.68,3.32
2020,5,17,6.86,0.13,0.05,66.94,2.81,-261.02,98.61,3.48,1.23
2020,5,18,3.43,0.09,0.43,72.88,4.21,-255.89,98.08,2.27,0.86
2020,5,19,4.66,0.07,1.03,74.81,4.03,-263.1,98.3,4.98,2.36
2020,5,20,3.16,0.06,8.73,86.75,5.74,-262.22,98.46,1.81,1.3
2020,5,21,6.27,0.07,2.22,73.69,5.13,-262.12,98.37,2.74,1.45
2020,5,22,3.03,0.05,6.77,88.0,3.97,-269.99,97.92,4.1,2.27
2020,5,23,5.62,0.04,0.65,81.0,4.27,-264.05,97.88,3.27,1.88
2020,5,24,7.71,0.02,0.73,70.25,4.33,-258.81,97.97,3.78,1.81
2020,5,25,4.83,0.03,9.44,91.06,4.64,-270.26,97.7,2.1,1.3
2020,5,26,4.13,0.02,3.71,91.44,5.31,-267.01,97.78,2.1,0.48
2020,5,27,6.65,0.02,0.82,76.81,4.39,-261.82,98.72,2.35,1.7
2020,5,28,7.16,0.08,0.0,67.56,4.21,-256.75,99.36,4.22,0.96
2020,5,29,8.11,0.02,0.0,65.12,4.15,-258.48,99.44,3.66,0.77
2020,5,30,7.84,0.11,0.0,61.81,5.19,-253.67,98.73,5.8,1.52
2020,5,31,1.38,0.02,24.19,85.38,7.81,-264.61,97.24,3.82,2.3
2020,6,1,2.86,0.02,4.6,91.31,5.92,-267.75,96.98,4.0,2.14
2020,6,2,4.92,0.03,2.65,82.12,6.53,-261.65,97.35,2.48,1.03
2020,6,3,5.76,0.02,0.2,74.31,5.49,-260.7,97.91,4.17,1.95
2020,6,4,7.4,0.01,0.0,70.81,5.13,-258.0,98.37,4.12,0.77
2020,6,5,5.72,0.01,0.2,82.0,6.47,-264.0,98.48,3.31,1.45
2020,6,6,4.1,0.02,0.14,76.69,6.41,-263.78,98.39,4.12,1.95
2020,6,7,1.96,0.02,9.6,86.25,6.16,-264.92,98.01,3.38,1.82
2020,6,8,2.77,0.01,8.74,88.81,5.31,-267.97,97.49,2.84,2.06
2020,6,9,4.51,0.02,2.26,90.25,5.68,-267.24,97.77,3.05,1.14
2020,6,10,3.38,0.01,1.71,87.31,5.19,-264.76,98.38,3.47,0.8
2020,6,11,5.32,0.01,0.45,79.88,5.92,-261.46,98.88,3.26,1.18
2020,6,12,6.55,0.01,1.8,82.81,8.91,-259.06,98.37,2.23,1.6
2020,6,13,6.27,0.01,1.98,84.62,10.93,-261.6,97.83,2.3,1.58
2020,6,14,3.56,0.01,5.28,86.31,9.64,-264.02,97.34,2.88,1.66
2020,6,15,5.78,0.0,7.41,85.31,9.83,-262.2,96.81,3.23,2.75
2020,6,16,3.56,0.0,1.8,87.25,7.02,-267.65,98.09,2.45,1.41
2020,6,17,6.53,0.0,0.08,70.31,5.92,-261.77,99.13,3.81,0.84
2020,6,18,8.3,0.0,0.01,69.12,6.71,-257.95,98.79,3.19,1.16
2020,6,19,8.2,0.0,0.02,67.81,7.57,-257.74,98.06,3.85,1.38
2020,6,20,8.28,0.0,0.09,68.0,7.87,-258.82,97.8,3.58,1.88
2020,6,21,7.95,0.0,0.09,72.0,9.58,-259.44,97.64,2.82,1.65
2020,6,22,7.25,0.0,1.08,73.44,10.25,-263.52,97.68,3.38,0.8
2020,6,23,5.05,0.0,1.52,77.62,9.28,-265.02,97.28,3.2,1.16
2020,6,24,7.55,0.02,0.15,66.06,8.18,-261.6,97.38,2.16,1.43
2020,6,25,6.31,0.05,1.79,78.56,8.61,-264.02,97.48,1.97,1.21
2020,6,26,5.81,0.21,0.83,68.38,7.87,-262.61,97.28,2.47,1.35
2020,6,27,6.21,0.12,1.13,71.19,8.42,-264.14,97.43,4.34,1.6
2020,6,28,6.2,0.0,0.83,74.31,8.61,-263.02,98.17,3.21,1.8
2020,6,29,6.16,0.01,0.46,72.75,8.61,-258.67,98.19,4.24,1.52
2020,6,30,6.37,0.0,0.3,73.44,9.95,-259.63,98.22,4.36,1.44
2020,7,1,2.48,0.0,4.45,86.75,10.99,-268.01,97.74,3.04,1.45
2020,7,2,5.58,0.0,1.58,79.5,10.68,-265.16,97.58,2.48,1.77
2020,7,3,3.52,0.08,3.3,87.81,10.44,-267.02,97.71,1.65,0.85
2020,7,4,5.77,0.06,1.51,76.88,9.34,-264.79,97.91,3.8,1.62
2020,7,5,4.56,0.0,2.03,81.75,8.18,-266.02,98.06,2.55,2.05
2020,7,6,6.17,0.02,0.51,75.69,8.24,-262.64,97.78,2.02,1.58
2020,7,7,7.43,0.01,0.1,74.44,7.45,-262.45,97.86,2.59,1.63
2020,7,8,6.53,0.02,0.01,71.81,7.02,-260.84,98.07,2.64,1.0
2020,7,9,5.2,0.07,0.18,71.38,8.06,-259.19,97.87,4.57,1.59
2020,7,10,3.64,0.09,6.04,90.81,9.95,-267.14,97.77,3.71,1.53
2020,7,11,6.16,0.02,0.83,76.88,9.7,-261.72,97.67,4.24,1.79
2020,7,12,4.59,0.01,24.15,92.19,10.07,-266.2,97.11,6.8,3.45
2020,7,13,2.63,0.0,43.24,95.25,10.07,-268.03,96.49,4.5,2.38
2020,7,14,2.8,0.0,10.19,94.75,9.34,-269.53,96.99,3.04,1.91
2020,7,15,3.22,0.0,2.52,91.56,8.48,-267.38,97.59,2.16,2.03
2020,7,16,5.37,0.07,0.11,78.44,7.93,-260.76,97.68,4.06,1.24
2020,7,17,4.34,0.09,0.22,75.06,8.48,-265.72,97.79,3.12,1.57
2020,7,18,5.83,0.12,0.04,70.56,8.54,-263.56,98.06,5.3,2.05
2020,7,19,6.55,0.07,3.79,76.62,9.77,-260.21,98.16,4.25,1.8
2020,7,20,5.34,0.12,5.79,77.12,10.86,-262.95,98.12,4.68,1.23
2020,7,21,5.61,0.0,7.49,87.88,11.47,-265.81,97.45,2.59,1.23
2020,7,22,4.49,0.01,3.49,87.88,11.47,-265.57,97.02,2.3,0.88
2020,7,23,5.55,0.05,0.75,80.44,9.16,-265.4,97.21,1.98,1.41
2020,7,24,5.82,0.0,0.48,82.5,8.0,-265.46,97.27,2.18,1.82
2020,7,25,5.73,0.13,2.47,83.12,8.24,-263.88,97.71,2.6,1.16
2020,7,26,6.88,0.29,0.03,70.56,9.09,-259.7,98.14,3.32,1.46
2020,7,27,7.03,0.06,2.38,77.44,11.6,-257.83,97.66,2.91,1.4
2020,7,28,4.73,0.14,1.47,81.0,10.86,-263.45,97.58,3.66,1.8
2020,7,29,5.43,0.07,5.37,70.62,8.97,-258.64,98.23,3.68,1.2
2020,7,30,6.14,0.09,1.66,78.38,9.58,-264.2,98.78,4.08,1.88
2020,7,31,6.73,0.15,0.0,70.25,9.28,-260.35,99.05,5.17,1.46
2020,8,1,6.69,0.0,0.06,75.94,11.17,-259.92,98.68,3.55,1.48
2020,8,2,6.45,0.0,0.49,81.06,13.73,-261.31,98.05,1.93,1.16
2020,8,3,5.73,0.0,2.51,87.75,14.28,-263.88,97.35,3.41,1.36
2020,8,4,5.27,0.0,2.7,74.44,9.03,-264.25,97.23,4.7,2.59
2020,8,5,6.76,0.09,0.06,72.94,8.85,-262.27,97.31,4.42,2.13
2020,8,6,6.68,0.15,0.01,70.56,9.95,-260.59,97.33,5.1,1.61
2020,8,7,2.29,0.01,13.16,84.06,10.62,-261.09,96.8,3.31,2.26
2020,8,8,3.79,0.0,0.13,80.5,8.67,-263.36,97.07,4.43,1.46
2020,8,9,3.83,0.0,0.49,77.75,9.16,-266.4,97.22,5.5,2.82
2020,8,10,3.8,0.01,11.86,90.5,9.58,-267.57,97.07,1.68,1.05
2020,8,11,3.42,0.02,12.26,91.5,8.73,-266.72,97.37,4.36,1.29
2020,8,12,2.24,0.0,10.28,96.12,8.54,-267.33,97.48,1.7,1.06
2020,8,13,2.65,0.0,19.56,92.5,8.67,-267.94,96.55,4.02,1.75
2020,8,14,3.54,0.0,3.16,91.12,8.06,-269.45,97.26,1.73,0.89
2020,8,15,3.41,0.13,0.47,80.5,6.47,-266.63,98.25,5.45,2.61
2020,8,16,3.79,0.09,2.73,88.62,7.26,-263.6,98.44,3.42,1.72
2020,8,17,5.46,0.08,0.71,84.81,9.46,-260.86,98.39,4.69,1.57
2020,8,18,5.5,0.0,29.34,89.88,10.8,-265.27,98.02,2.44,0.96
2020,8,19,5.36,0.01,3.06,81.94,9.58,-265.2,97.41,5.13,2.76
2020,8,20,2.48,0.01,0.49,81.5,7.51,-265.71,98.12,2.28,1.34
2020,8,21,2.64,0.0,0.15,81.12,6.59,-265.77,98.46,2.46,0.91
2020,8,22,2.54,0.0,1.4,87.69,7.39,-266.48,98.08,2.09,1.44
2020,8,23,1.91,0.09,0.32,85.62,6.77,-267.74,98.26,2.65,1.13
2020,8,24,2.46,0.0,0.34,84.62,6.65,-266.19,98.31,1.78,1.2
2020,8,25,2.41,0.0,5.8,90.25,8.12,-263.99,97.38,2.78,1.05
2020,8,26,3.05,0.0,6.23,92.44,8.12,-265.47,97.32,2.41,1.08
2020,8,27,3.41,0.0,3.55,92.88,7.93,-267.77,97.8,2.27,1.84
2020,8,28,3.73,0.0,4.54,82.25,7.08,-263.52,98.08,3.9,1.77
2020,8,29,1.69,0.0,16.91,93.56,7.63,-266.25,96.83,5.77,3.33
2020,8,30,2.31,0.0,12.01,79.62,5.19,-265.1,97.27,6.66,3.84
2020,8,31,4.78,0.02,3.59,79.31,5.55,-262.23,96.92,3.16,0.95
2020,9,1,4.22,0.0,4.01,87.12,5.68,-266.71,96.58,3.99,2.38
2020,9,2,4.49,0.0,0.14,80.94,5.0,-264.62,97.4,4.12,2.33
2020,9,3,4.09,0.06,0.02,78.38,4.94,-260.92,98.08,3.4,1.43
2020,9,4,4.36,0.16,0.16,79.62,5.62,-259.98,98.37,4.04,1.45
2020,9,5,2.73,0.0,3.68,94.38,6.59,-265.96,98.48,3.35,1.65
2020,9,6,3.13,0.0,1.39,86.62,4.76,-265.6,99.57,3.37,1.71
2020,9,7,4.03,0.0,0.46,82.69,4.76,-262.24,99.86,4.03,2.02
2020,9,8,4.23,0.0,0.41,83.94,6.65,-260.49,98.4,3.38,1.95
2020,9,9,3.16,0.05,0.33,85.0,6.47,-264.58,98.7,3.67,2.27
2020,9,10,1.38,0.01,6.28,91.81,5.8,-267.93,98.61,2.23,1.02
2020,9,11,2.08,0.0,4.01,93.5,5.68,-270.13,97.98,5.8,3.55
2020,9,12,4.18,0.12,0.62,75.12,4.52,-263.81,98.63,5.36,2.69
2020,9,13,3.37,0.01,1.38,85.38,3.91,-263.88,99.2,1.97,1.77
2020,9,14,4.47,0.15,0.06,73.94,3.36,-259.73,99.13,3.63,1.34
2020,9,15,3.58,0.13,0.18,68.88,2.87,-265.02,99.22,6.91,3.51
2020,9,16,2.53,0.0,0.46,82.31,3.91,-259.66,98.93,4.51,1.56
2020,9,17,3.79,0.0,0.08,83.56,4.82,-261.69,99.04,2.97,1.32
2020,9,18,3.8,0.0,0.08,85.44,6.77,-258.25,97.58,2.73,0.69
2020,9,19,2.58,0.14,0.37,86.62,8.36,-259.82,97.07,2.45,1.19
2020,9,20,3.35,0.05,3.98,87.5,7.51,-264.98,97.26,3.48,1.35
2020,9,21,1.24,0.0,1.49,95.19,6.29,-269.3,97.68,3.56,1.05
2020,9,22,3.55,0.01,0.25,88.19,5.62,-263.52,98.22,4.42,1.4
2020,9,23,2.8,0.01,4.92,85.25,6.65,-261.66,97.46,3.27,1.16
2020,9,24,1.89,0.01,1.91,97.31,8.06,-270.5,95.92,4.2,1.93
2020,9,25,1.56,0.02,2.83,98.88,7.2,-269.24,96.15,2.63,1.62
2020,9,26,1.35,0.03,0.37,90.12,5.68,-267.24,97.0,3.41,1.22
2020,9,27,1.75,0.02,1.12,91.38,5.31,-268.63,98.33,3.8,2.26
2020,9,28,2.75,0.02,5.37,81.62,5.98,-263.14,97.15,3.48,2.02
2020,9,29,1.5,0.02,1.39,86.38,5.25,-269.52,98.23,4.54,2.59
2020,9,30,1.89,0.05,0.45,88.5,4.58,-268.01,99.84,4.0,1.45
2020,10,1,1.46,0.02,2.2,92.0,4.76,-268.49,98.86,4.39,2.46
2020,10,2,1.83,0.05,0.57,97.38,5.37,-269.33,98.9,4.44,1.72
2020,10,3,1.84,0.02,0.31,90.94,6.53,-264.74,97.77,1.84,1.65
2020,10,4,2.03,0.02,1.47,94.69,6.9,-270.09,96.82,1.7,1.05
2020,10,5,1.8,0.12,1.18,93.94,5.98,-268.22,97.18,5.44,2.63
2020,10,6,1.26,0.05,3.3,97.25,5.49,-268.76,97.58,5.15,2.37
2020,10,7,1.25,0.02,1.53,95.19,4.64,-270.17,98.5,2.7,1.09
2020,10,8,0.89,0.02,7.96,98.25,4.33,-270.05,97.7,1.55,0.72
2020,10,9,1.33,0.03,0.31,93.81,4.21,-266.42,97.54,2.99,1.69
2020,10,10,1.04,0.07,3.84,94.69,4.27,-269.3,96.32,3.76,2.07
2020,10,11,0.63,0.05,2.42,95.38,4.09,-270.54,96.69,3.03,1.56
2020,10,12,0.62,0.13,2.28,83.25,3.11,-270.38,96.95,4.33,2.39
2020,10,13,1.11,0.16,0.42,69.69,2.01,-271.79,97.64,2.27,1.5
2020,10,14,1.41,0.2,0.23,69.12,1.71,-270.52,98.23,1.46,0.94
2020,10,15,1.69,0.22,0.46,79.12,1.77,-270.74,98.75,2.49,1.55
2020,10,16,1.3,0.23,1.41,81.12,1.83,-271.07,98.42,1.81,1.09
2020,10,17,1.1,0.21,2.42,85.25,2.01,-271.97,99.1,2.88,1.74
2020,10,18,1.11,0.2,0.59,86.75,2.2,-269.92,99.06,3.48,1.84
2020,10,19,1.88,0.26,0.09,84.06,2.08,-267.91,98.37,1.58,0.87
2020,10,20,1.06,0.23,0.67,82.94,1.83,-269.52,98.5,2.15,1.07
2020,10,21,1.06,0.2,0.44,88.19,1.71,-270.85,99.41,1.55,1.07
2020,10,22,1.29,0.21,0.69,93.25,1.83,-270.56,99.98,2.72,1.3
2020,10,23,0.91,0.29,0.44,95.12,1.77,-267.64,100.04,2.1,1.03
2020,10,24,1.06,0.3,0.25,96.25,1.77,-266.67,99.8,1.65,1.14
2020,10,25,1.63,0.27,0.05,93.94,1.83,-264.67,98.59,2.85,1.53
2020,10,26,0.96,0.17,3.66,95.75,2.08,-268.06,97.79,4.7,2.3
2020,10,27,0.76,0.41,2.6,95.69,1.83,-265.82,97.55,2.61,1.3
2020,10,28,0.65,0.36,0.3,96.75,1.65,-266.38,98.29,2.05,1.01
2020,10,29,0.81,0.48,0.07,95.25,1.34,-267.18,98.63,3.31,1.7
2020,10,30,0.56,0.32,1.21,94.75,1.53,-266.55,97.85,3.9,1.37
2020,10,31,1.13,0.41,1.63,97.62,2.08,-263.52,97.91,2.96,1.73
2020,11,1,0.48,0.3,1.36,96.56,2.32,-264.6,97.62,3.91,2.02
2020,11,2,0.19,0.34,6.54,96.62,1.65,-269.1,97.39,3.15,1.2
2020,11,3,0.53,0.32,1.32,98.88,1.4,-268.88,97.39,3.32,1.41
2020,11,4,0.87,0.34,3.6,98.81,0.98,-263.31,98.45,5.81,2.48
2020,11,5,0.26,0.34,4.2,99.56,0.98,-270.53,98.16,2.5,2.2
2020,11,6,0.7,0.3,0.62,99.31,0.92,-268.68,98.17,2.55,1.6
2020,11,7,0.69,0.77,0.06,98.69,0.67,-266.01,98.52,2.82,1.93
2020,11,8,0.82,0.41,0.23,99.88,1.28,-264.67,98.79,1.74,1.59
2020,11,9,0.34,0.4,0.18,99.81,1.4,-264.21,96.83,4.23,2.73
2020,11,10,0.44,0.64,0.15,99.38,0.85,-258.54,98.46,4.34,3.66
2020,11,11,0.7,0.39,0.1,99.94,0.31,-264.49,98.48,1.99,1.3
2020,11,12,0.5,0.5,0.3,99.81,0.73,-259.06,96.39,3.19,1.6
2020,11,13,0.47,0.49,0.23,99.5,1.04,-268.27,95.97,2.95,1.7
2020,11,14,0.49,0.61,0.08,96.69,0.73,-271.1,97.47,3.67,1.14
2020,11,15,0.39,0.45,0.63,97.56,0.67,-261.84,98.12,4.95,1.73
2020,11,16,0.48,0.64,0.12,98.81,0.43,-266.25,99.33,2.52,1.8
2020,11,17,0.28,0.41,1.67,99.31,0.55,-261.01,98.39,3.18,1.08
2020,11,18,0.41,0.74,4.67,99.44,0.92,-266.63,97.62,2.85,1.7
2020,11,19,0.38,0.77,0.15,97.94,0.43,-266.69,99.02,3.62,2.44
2020,11,20,0.73,0.48,0.15,99.81,0.37,-266.07,98.63,3.55,1.53
2020,11,21,0.63,0.44,0.12,99.5,0.43,-271.1,99.07,2.48,1.5
2020,11,22,0.56,0.66,2.51,99.56,0.55,-260.59,98.69,4.17,1.46
2020,11,23,0.47,0.43,1.27,99.38,0.92,-269.58,97.79,5.09,2.48
2020,11,24,0.38,0.62,2.36,99.0,1.22,-268.1,96.63,4.16,2.3
2020,11,25,0.37,0.87,0.87,99.25,0.98,-269.59,97.05,1.85,0.95
2020,11,26,0.38,0.71,1.62,99.25,0.85,-267.6,96.94,3.16,2.56
2020,11,27,0.41,1.03,0.52,99.12,1.46,-262.91,96.69,4.0,2.42
2020,11,28,0.55,0.55,0.1,99.56,0.61,-267.38,97.9,3.81,1.7
2020,11,29,0.4,0.65,0.14,99.88,1.53,-257.29,97.1,2.07,1.01
2020,11,30,0.28,0.84,2.37,99.56,2.01,-266.12,96.35,7.41,5.19
2020,12,1,0.27,0.87,0.18,99.19,1.89,-259.65,98.11,5.08,4.2
2020,12,2,0.23,0.7,0.11,99.19,3.78,-271.82,98.1,3.88,0.89
2020,12,3,0.39,0.66,0.19,99.44,3.11,-267.98,97.74,3.97,1.3
2020,12,4,0.35,0.55,0.15,95.12,2.62,-269.25,97.98,2.84,0.8
2020,12,5,0.34,0.7,0.43,99.94,2.62,-268.43,97.66,1.72,0.89
2020,12,6,0.39,0.67,0.27,99.44,2.69,-263.34,97.22,2.3,1.47
2020,12,7,0.2,0.82,0.51,99.19,3.6,-268.65,96.6,5.2,2.57
2020,12,8,0.29,0.5,0.22,99.81,1.71,-258.7,97.2,3.16,1.48
2020,12,9,0.34,0.57,0.07,98.06,0.85,-270.42,97.98,5.16,2.18
2020,12,10,0.27,0.62,0.22,99.31,0.67,-265.56,99.09,2.3,1.85
2020,12,11,0.21,0.81,2.62,94.31,0.55,-266.51,98.99,4.62,2.2
2020,12,12,0.39,1.22,1.11,99.25,0.43,-261.74,99.55,3.17,2.14
2020,12,13,0.43,0.79,0.02,99.75,0.18,-268.39,99.57,3.94,1.14
2020,12,14,0.38,0.91,0.02,99.31,0.12,-264.23,99.18,2.78,1.11
2020,12,15,0.27,0.47,0.32,98.88,0.31,-268.68,98.1,3.16,1.52
2020,12,16,0.27,0.41,0.24,98.25,0.18,-265.96,98.22,4.66,2.05
2020,12,17,0.26,0.8,1.24,98.5,0.18,-265.17,98.47,4.23,2.01
2020,12,18,0.34,0.82,2.11,97.19,0.18,-263.54,98.01,5.0,2.96
2020,12,19,0.31,0.77,1.16,98.31,0.24,-262.89,97.11,4.56,3.02
2020,12,20,0.23,0.47,2.08,98.44,0.31,-262.09,97.04,4.03,2.07
2020,12,21,0.32,0.48,0.3,96.38,0.24,-270.39,97.95,2.3,1.15
2020,12,22,0.34,0.67,0.06,99.06,0.18,-264.81,98.91,5.55,2.34
2020,12,23,0.23,1.16,0.99,99.56,0.49,-256.31,97.88,1.3,1.14
2020,12,24,0.29,1.3,0.2,99.19,2.01,-262.67,96.72,3.73,2.68
2020,12,25,0.34,0.73,0.1,99.75,1.1,-263.43,98.14,4.26,2.28
2020,12,26,0.25,0.51,0.23,99.44,0.61,-266.17,98.73,4.8,2.22
2020,12,27,0.39,1.01,0.22,99.56,0.55,-266.77,98.38,2.55,2.05
2020,12,28,0.32,0.81,0.29,99.19,0.92,-267.19,97.76,2.66,1.51
2020,12,29,0.41,0.59,0.05,97.75,0.43,-267.87,98.02,3.72,1.45
2020,12,30,0.29,0.49,0.64,97.56,0.73,-267.34,97.6,3.8,2.16
2020,12,31,0.31,0.73,2.04,99.0,0.67,-269.87,98.05,3.35,2.03
2021,1,1,0.25,0.66,0.7,99.5,0.43,-262.65,98.0,2.67,1.46
2021,1,2,0.22,0.88,2.81,98.88,0.49,-266.97,96.62,2.16,1.11
2021,1,3,0.26,0.57,0.98,98.88,0.43,-266.45,96.35,4.16,1.64
2021,1,4,0.37,0.55,0.3,99.25,0.24,-269.43,97.51,4.69,1.95
2021,1,5,0.37,1.09,0.82,98.88,0.37,-264.67,97.74,3.07,2.36
2021,1,6,0.37,1.27,0.52,99.12,1.16,-257.52,96.62,4.18,2.21
2021,1,7,0.49,0.84,0.0,99.0,1.77,-266.63,97.86,3.98,0.92
2021,1,8,0.49,0.76,0.21,99.88,1.22,-268.85,98.72,2.18,1.99
2021,1,9,0.42,1.04,0.08,99.62,1.34,-264.18,97.99,4.19,1.61
2021,1,10,0.27,0.74,0.15,98.75,1.4,-265.43,97.36,4.29,1.38
2021,1,11,0.46,0.88,1.66,99.88,2.01,-260.8,96.41,2.9,1.04
2021,1,12,0.55,1.03,1.15,99.44,2.5,-266.22,96.1,4.3,2.34
2021,1,13,0.5,1.64,1.01,98.56,1.95,-268.6,96.17,4.9,3.34
2021,1,14,0.42,1.09,0.06,99.44,0.98,-260.92,98.89,4.78,3.3
2021,1,15,0.32,1.09,2.2,99.12,1.16,-266.38,97.49,4.59,2.95
2021,1,16,0.44,0.48,0.7,99.5,0.98,-268.06,98.18,4.14,2.25
2021,1,17,0.47,0.48,0.36,99.06,0.79,-264.7,98.09,4.59,1.66
2021,1,18,0.45,0.69,0.11,99.31,0.73,-265.13,98.98,5.55,2.43
2021,1,19,0.36,1.59,3.44,99.06,2.08,-258.02,96.12,6.02,4.35
2021,1,20,0.61,1.84,1.03,98.44,1.16,-259.91,97.6,6.16,4.84
2021,1,21,0.56,0.95,0.28,98.81,0.61,-262.5,98.99,5.23,2.69
2021,1,22,0.59,0.92,0.19,98.75,0.18,-259.18,99.11,5.16,2.42
2021,1,23,0.83,0.77,0.03,99.0,0.12,-264.34,99.19,5.08,2.04
2021,1,24,0.83,0.84,0.04,99.38,0.12,-267.77,98.93,2.8,1.24
2021,1,25,0.82,0.93,0.01,98.5,0.12,-264.06,99.44,1.97,0.68
2021,1,26,0.51,0.88,0.51,98.62,0.31,-263.89,99.12,3.26,2.45
2021,1,27,0.52,0.56,0.87,98.75,0.37,-268.57,99.24,3.49,1.38
2021,1,28,0.91,0.6,0.42,98.62,0.31,-267.95,98.85,4.01,1.38
2021,1,29,1.01,0.91,0.08,98.75,0.24,-268.29,98.02,3.15,1.52
2021,1,30,1.08,0.7,0.01,97.38,0.31,-266.56,98.5,5.41,2.33
2021,1,31,1.02,0.58,0.01,96.81,0.37,-267.5,99.04,3.72,1.82
2021,2,1,0.49,1.09,3.96,98.5,0.49,-266.0,98.78,3.04,2.48
2021,2,2,0.79,1.25,0.7,99.0,0.49,-268.11,98.94,1.55,0.93
2021,2,3,0.68,0.76,1.16,98.44,0.31,-270.21,99.01,2.38,1.75
2021,2,4,1.27,1.27,0.52,98.69,0.24,-259.18,99.12,4.15,2.93
2021,2,5,1.39,0.98,0.05,98.44,0.06,-268.1,99.82,1.69,1.45
2021,2,6,1.34,0.84,0.03,96.5,0.06,-264.54,99.95,5.08,1.9
2021,2,7,1.41,0.78,0.04,98.75,0.06,-266.06,99.94,6.77,3.29
2021,2,8,1.23,2.04,1.02,98.0,0.12,-264.1,100.14,3.59,2.2
2021,2,9,1.02,1.93,1.75,98.06,0.18,-268.13,99.83,3.88,2.52
2021,2,10,1.54,0.89,0.63,98.75,0.24,-266.71,100.72,3.52,2.14
2021,2,11,1.0,1.38,0.92,98.5,0.31,-268.98,100.76,3.27,3.05
2021,2,12,1.19,0.47,0.14,98.06,0.31,-265.58,100.31,5.4,2.41
2021,2,13,1.77,0.91,0.02,98.62,0.37,-261.88,100.17,3.62,1.23
2021,2,14,1.84,1.33,0.04,99.0,0.31,-265.03,99.22,1.75,1.32
2021,2,15,1.59,0.95,0.26,98.62,0.43,-262.02,97.98,3.19,1.98
2021,2,16,1.77,0.69,0.1,99.19,0.31,-259.6,98.17,2.88,1.56
2021,2,17,1.78,0.73,0.02,99.25,0.24,-260.58,98.97,6.5,2.62
2021,2,18,1.9,1.07,0.13,99.38,0.61,-261.34,97.7,3.73,1.54
2021,2,19,1.91,0.89,0.1,99.0,1.71,-258.7,96.13,4.88,1.33
2021,2,20,1.61,0.79,0.1,98.62,0.98,-257.16,96.39,4.31,2.02
2021,2,21,1.26,0.95,2.1,99.0,0.73,-264.78,95.66,2.38,1.64
2021,2,22,1.41,0.84,0.23,98.38,0.55,-267.74,96.94,5.0,3.2
2021,2,23,2.07,0.78,0.13,96.56,0.43,-263.51,98.23,4.38,2.71
2021,2,24,2.25,0.69,0.15,99.69,0.43,-259.32,98.38,3.18,1.62
2021,2,25,1.87,1.09,0.31,98.69,0.31,-252.37,97.7,1.38,2.07
2021,2,26,2.45,0.71,0.0,96.94,0.12,-256.68,98.58,6.16,2.91
2021,2,27,2.53,0.91,0.09,98.81,0.18,-258.42,98.65,4.1,2.03
2021,2,28,2.24,1.06,0.34,99.0,0.18,-251.95,98.75,4.84,3.2
2021,3,1,1.85,0.66,1.44,98.19,0.49,-266.71,97.57,4.02,2.52
2021,3,2,1.87,0.95,0.3,99.19,0.79,-260.2,96.91,3.29,2.34
2021,3,3,2.6,0.56,0.24,99.56,0.92,-263.48,97.79,3.34,0.69
2021,3,4,2.67,0.75,0.32,99.38,1.16,-257.15,99.24,3.72,1.98
2021,3,5,2.05,1.13,0.39,99.5,2.62,-264.51,97.84,2.91,2.72
2021,3,6,1.48,0.74,0.42,99.38,2.62,-264.12,96.59,2.52,1.52
2021,3,7,2.12,0.97,0.48,99.19,1.4,-267.23,97.85,2.98,2.53
2021,3,8,3.02,0.77,0.18,96.81,0.73,-262.1,99.07,4.83,2.98
2021,3,9,3.3,0.39,0.16,99.19,0.49,-261.66,98.66,4.15,1.64
2021,3,10,3.1,0.7,0.09,95.25,0.49,-263.2,98.9,3.46,1.78
2021,3,11,3.02,1.04,0.07,99.56,0.73,-257.92,97.85,3.42,2.18
2021,3,12,3.44,0.95,0.31,99.12,1.1,-260.21,98.38,2.93,1.85
2021,3,13,2.18,0.77,2.85,98.94,0.79,-264.22,99.61,5.35,3.21
2021,3,14,2.21,0.88,1.29,99.06,1.53,-265.6,97.75,3.98,2.5
2021,3,15,3.81,0.84,1.3,98.81,0.92,-264.26,98.04,4.52,2.1
2021,3,16,3.0,0.55,0.56,95.75,1.59,-258.57,97.74,5.19,2.05
2021,3,17,3.7,0.69,0.14,99.25,2.38,-259.92,97.88,7.67,2.99
2021,3,18,3.09,0.67,0.73,99.25,3.54,-268.58,97.35,3.08,1.74
2021,3,19,2.71,0.78,0.38,99.06,3.42,-265.29,96.65,7.44,4.57
2021,3,20,1.98,1.17,2.59,98.75,1.4,-265.13,97.44,2.78,1.69
2021,3,21,4.2,0.89,0.3,98.5,0.79,-265.11,98.38,2.25,2.05
2021,3,22,4.38,0.45,0.1,98.88,0.43,-261.95,99.39,4.72,1.35
2021,3,23,3.35,0.72,1.25,98.81,0.61,-266.0,99.41,2.38,1.58
2021,3,24,4.1,0.58,0.68,98.69,0.73,-266.18,98.36,2.05,1.07
2021,3,25,4.38,0.54,0.15,94.56,0.85,-260.09,98.25,4.52,2.13
2021,3,26,4.6,0.65,0.3,96.0,1.04,-262.98,98.12,4.53,2.65
2021,3,27,4.55,0.82,1.22,99.12,1.77,-255.12,97.9,4.48,2.66
2021,3,28,2.22,1.07,5.51,98.94,2.14,-264.97,96.81,2.18,1.28
2021,3,29,4.02,0.98,1.12,99.19,0.85,-262.64,98.75,3.4,3.37
2021,3,30,4.82,0.65,0.03,99.31,0.85,-254.77,98.47,3.98,1.77
2021,3,31,3.28,0.61,0.39,99.31,2.32,-255.77,97.63,4.28,1.84
2021,4,1,2.78,0.73,3.69,99.5,3.42,-266.52,96.22,6.97,4.54
2021,4,2,5.06,0.95,0.55,98.81,1.34,-260.49,98.12,6.36,4.52
2021,4,3,5.01,0.63,0.17,99.31,1.59,-259.56,98.69,4.78,2.02
2021,4,4,4.58,0.52,2.54,98.44,2.14,-260.18,98.08,6.01,2.78
2021,4,5,3.24,0.62,3.52,99.62,2.81,-264.07,97.52,3.88,2.22
2021,4,6,3.45,0.52,1.19,99.25,2.75,-267.22,98.09,3.09,1.79
2021,4,7,3.58,0.61,5.74,99.44,3.05,-267.64,97.63,4.14,2.92
2021,4,8,4.16,0.98,1.57,97.69,1.22,-254.76,98.01,6.75,4.25
2021,4,9,3.63,0.6,1.77,99.56,1.71,-257.95,97.66,3.66,1.72
2021,4,10,5.5,0.75,0.77,99.38,1.22,-261.07,98.8,3.36,2.38
2021,4,11,4.88,0.46,0.43,99.06,1.16,-255.5,99.79,5.59,2.91
2021,4,12,5.83,0.65,0.08,99.19,1.53,-257.07,100.4,4.91,2.5
2021,4,13,4.83,0.59,0.08,99.25,2.93,-261.9,99.55,1.52,2.34
2021,4,14,5.81,0.48,0.26,99.0,3.48,-269.04,99.54,3.15,1.04
2021,4,15,5.18,0.45,0.39,99.56,3.36,-266.02,99.45,3.42,1.92
2021,4,16,5.59,0.37,0.24,99.5,3.66,-271.35,99.56,2.06,1.01
2021,4,17,5.31,0.38,0.65,99.31,3.48,-270.47,99.9,2.88,1.52
2021,4,18,4.51,0.34,0.99,99.38,3.36,-269.01,100.25,2.95,1.11
2021,4,19,5.98,0.24,0.04,98.62,3.23,-266.84,99.98,5.56,2.09
2021,4,20,6.22,0.49,0.13,96.94,3.54,-264.92,98.4,2.11,1.06
2021,4,21,3.87,0.66,1.25,94.88,2.93,-263.65,98.27,6.34,4.2
2021,4,22,4.36,0.55,1.53,90.06,1.83,-266.89,98.81,4.96,2.96
2021,4,23,4.54,0.43,1.51,89.5,1.65,-267.26,98.88,2.78,1.66
2021,4,24,5.84,0.38,1.35,90.62,1.83,-267.7,98.3,4.32,2.17
2021,4,25,5.66,0.27,4.35,90.88,1.71,-267.51,97.48,4.41,2.64
2021,4,26,4.83,0.45,2.72,94.06,1.34,-267.38,97.74,2.59,1.68
2021,4,27,5.24,0.31,0.45,92.56,1.16,-263.69,98.97,1.68,1.24
2021,4,28,6.85,0.39,0.21,92.81,2.01,-260.31,98.66,3.15,2.05
2021,4,29,6.42,0.29,0.71,92.81,2.75,-260.35,98.65,4.91,2.59
2021,4,30,3.45,0.25,10.42,98.81,3.6,-268.82,96.72,4.27,2.43
2021,5,1,2.52,0.31,2.14,93.25,2.87,-264.7,97.85,2.05,1.46
2021,5,2,6.52,0.27,0.07,86.38,2.38,-263.25,99.27,3.79,1.39
2021,5,3,6.65,0.3,0.07,84.12,2.69,-259.42,99.15,1.77,1.15
2021,5,4,6.33,0.25,0.01,78.06,3.05,-257.04,99.02,3.64,1.01
2021,5,5,5.64,0.23,0.04,75.0,3.78,-257.67,99.25,4.34,1.43
2021,5,6,5.92,0.27,0.04,71.06,3.85,-258.34,99.24,3.31,1.61
2021,5,7,6.1,0.34,0.1,76.12,3.91,-260.01,98.94,3.34,1.96
2021,5,8,5.62,0.26,0.09,76.0,4.82,-257.12,98.96,2.95,1.1
2021,5,9,6.24,0.23,0.14,79.12,5.49,-260.42,98.61,3.92,1.98
2021,5,10,5.35,0.2,0.27,82.94,5.0,-261.92,98.7,3.98,2.15
2021,5,11,5.03,0.16,0.64,74.44,3.54,-263.45,99.23,5.36,1.73
2021,5,12,6.16,0.18,0.96,77.19,5.07,-256.63,98.76,2.47,1.43
2021,5,13,5.49,0.13,2.6,90.25,5.8,-265.01,98.79,2.71,1.46
2021,5,14,3.84,0.13,1.33,79.31,4.46,-263.89,99.06,3.08,1.21
2021,5,15,3.2,0.16,13.75,88.88,4.09,-266.63,98.06,3.77,2.12
2021,5,16,4.35,0.14,6.17,82.5,4.09,-263.51,98.07,3.69,1.79
2021,5,17,3.22,0.12,4.93,89.19,4.21,-267.07,97.65,1.88,0.96
2021,5,18,3.94,0.12,0.76,77.94,3.3,-264.45,98.47,2.54,1.47
2021,5,19,5.56,0.2,0.01,60.62,2.62,-259.97,99.11,2.52,1.38
2021,5,20,6.09,0.07,1.11,75.38,3.85,-258.51,99.22,2.84,1.43
2021,5,21,7.0,0.08,0.08,72.75,5.31,-256.7,99.07,5.78,2.35
2021,5,22,4.23,0.06,0.06,74.44,6.35,-261.97,98.36,4.0,2.74
2021,5,23,5.44,0.06,0.82,78.31,7.57,-259.19,97.78,4.79,2.48
2021,5,24,4.26,0.04,0.85,77.06,4.94,-262.74,98.54,3.95,2.55
2021,5,25,8.41,0.07,0.07,65.06,2.87,-260.34,99.36,2.87,1.16
2021,5,26,5.26,0.03,0.27,70.69,3.91,-260.31,98.69,4.53,2.17
2021,5,27,4.96,0.02,3.94,83.75,6.96,-262.52,97.37,4.2,1.77
2021,5,28,6.61,0.03,0.06,73.31,5.8,-262.26,97.38,4.2,2.57
2021,5,29,7.92,0.2,0.21,69.25,5.92,-257.93,98.09,3.92,1.62
2021,5,30,6.25,0.11,2.66,83.31,7.51,-261.18,98.14,3.02,1.22
2021,5,31,6.65,0.02,0.84,78.81,8.18,-261.1,98.15,3.34,1.14
2021,6,1,7.04,0.02,0.99,79.62,9.89,-262.36,97.35,5.02,2.22
2021,6,2,6.32,0.23,0.02,70.75,9.64,-260.78,97.25,4.4,1.36
2021,6,3,4.79,0.09,5.24,85.06,10.13,-262.85,96.7,5.09,1.85
2021,6,4,5.96,0.02,2.08,75.25,8.12,-262.52,96.83,2.25,1.63
2021,6,5,5.4,0.03,4.25,86.06,8.0,-264.55,96.65,3.73,1.27
2021,6,6,7.42,0.02,0.6,77.69,6.04,-264.58,97.26,3.23,2.02
2021,6,7,4.68,0.01,2.85,83.75,5.25,-266.91,98.12,2.59,1.83
2021,6,8,4.8,0.0,1.36,75.31,5.31,-262.37,98.93,5.47,1.7
2021,6,9,5.74,0.02,1.99,71.62,6.47,-258.49,98.81,3.03,1.18
2021,6,10,2.32,0.01,3.54,89.94,8.3,-266.56,98.02,4.34,2.7
2021,6,11,3.3,0.17,15.27,88.06,8.0,-266.29,97.36,2.74,1.32
2021,6,12,6.83,0.27,0.22,69.62,7.63,-259.19,97.52,2.61,1.33
2021,6,13,7.33,0.09,0.34,72.88,8.91,-259.33,97.92,4.18,1.34
2021,6,14,7.47,0.17,0.61,71.25,10.68,-257.6,98.07,4.0,0.93
2021,6,15,6.01,0.13,23.27,86.31,12.57,-265.05,97.55,8.04,4.01
2021,6,16,3.6,0.0,19.75,86.81,9.95,-262.85,96.63,6.36,3.07
2021,6,17,4.9,0.0,1.66,76.12,7.2,-263.2,98.18,3.44,2.19
2021,6,18,7.92,0.0,0.02,71.62,7.69,-259.03,98.16,3.32,1.14
2021,6,19,8.06,0.01,0.18,72.0,5.8,-263.63,98.45,3.05,2.27
2021,6,20,7.3,0.21,0.0,60.75,5.25,-258.77,98.77,3.38,1.74
2021,6,21,6.65,0.09,1.95,74.75,8.42,-257.98,97.48,3.23,1.37
2021,6,22,5.12,0.0,2.72,83.62,9.64,-263.54,96.64,4.38,2.38
2021,6,23,4.57,0.0,1.8,83.5,6.84,-267.01,97.5,4.14,2.67
2021,6,24,7.11,0.0,0.72,76.0,9.89,-255.12,97.46,6.44,2.8
2021,6,25,7.45,0.07,0.81,77.25,12.02,-261.2,97.58,2.46,1.13
2021,6,26,7.22,0.0,1.22,78.94,12.02,-262.09,98.38,5.18,2.88
2021,6,27,7.69,0.02,0.53,73.0,11.41,-258.63,98.68,3.39,1.49
2021,6,28,7.38,0.05,0.82,78.94,12.39,-261.29,98.42,2.43,1.55
2021,6,29,6.93,0.0,0.4,82.69,12.94,-260.66,98.1,4.05,2.11
2021,6,30,7.0,0.0,0.5,80.75,18.13,-257.85,97.49,2.12,0.92
2021,7,1,6.56,0.0,1.63,85.25,16.54,-262.04,97.72,2.79,1.85
2021,7,2,4.65,0.0,10.87,91.25,13.61,-266.42,97.47,1.93,0.57
2021,7,3,2.19,0.0,19.73,89.94,9.09,-264.94,97.92,3.66,1.95
2021,7,4,3.85,0.12,1.72,81.38,7.14,-265.74,98.91,2.27,1.19
2021,7,5,6.41,0.09,0.01,71.31,7.39,-263.77,99.28,3.73,1.09
2021,7,6,6.56,0.0,0.12,74.75,8.42,-260.43,98.5,2.2,1.09
2021,7,7,7.57,0.0,0.4,80.69,11.35,-259.16,97.4,2.93,1.25
2021,7,8,7.47,0.02,0.33,82.12,13.37,-262.85,97.43,2.99,1.2
2021,7,9,6.81,0.13,0.1,74.62,12.45,-261.89,98.21,4.95,1.77
2021,7,10,4.48,0.01,8.19,84.56,13.67,-263.87,97.71,3.78,1.84
2021,7,11,3.37,0.0,3.9,84.31,11.11,-266.29,97.62,2.63,1.32
2021,7,12,6.2,0.12,6.28,82.44,9.09,-266.18,98.48,2.88,1.41
2021,7,13,7.48,0.12,0.06,73.81,9.58,-259.93,98.37,3.41,1.09
2021,7,14,6.0,0.0,1.23,81.69,12.76,-260.63,97.22,3.41,0.55
2021,7,15,2.91,0.0,4.81,82.88,9.09,-259.58,97.43,5.38,3.07
2021,7,16,4.96,0.01,0.36,71.0,5.13,-264.52,98.98,3.91,1.95
2021,7,17,5.91,0.01,0.01,71.88,5.92,-259.83,99.36,2.88,1.17
2021,7,18,5.66,0.02,0.05,78.81,6.9,-263.27,99.35,3.23,0.8
2021,7,19,4.2,0.0,0.35,81.38,8.79,-263.56,99.02,2.85,0.66
2021,7,20,5.4,0.07,0.85,81.5,9.95,-262.34,98.58,3.88,1.62
2021,7,21,3.95,0.0,1.0,83.94,10.38,-264.14,98.08,2.68,0.95
2021,7,22,3.92,0.02,9.41,87.88,10.5,-263.35,96.81,3.91,1.49
2021,7,23,4.54,0.0,3.79,87.62,10.31,-263.63,96.9,5.53,2.76
2021,7,24,3.32,0.0,3.08,81.62,7.87,-264.21,97.88,1.55,1.38
2021,7,25,6.79,0.16,0.01,63.0,5.92,-261.07,98.15,2.67,1.12
2021,7,26,5.47,0.12,1.28,76.56,9.16,-259.38,97.63,3.37,1.32
2021,7,27,5.4,0.11,1.52,84.94,7.45,-266.72,98.16,4.54,2.23
2021,7,28,5.19,0.01,0.99,78.88,8.91,-256.69,98.42,3.49,1.05
2021,7,29,6.16,0.02,1.94,82.81,9.7,-263.19,98.42,1.66,0.97
2021,7,30,5.94,0.09,0.08,73.38,9.52,-259.44,98.99,5.2,1.74
2021,7,31,7.09,0.0,0.0,74.25,11.41,-258.0,98.91,4.08,0.88
2021,8,1,6.7,0.19,0.0,71.0,12.63,-258.79,98.69,2.63,1.03
2021,8,2,6.14,0.16,0.0,71.0,12.57,-260.56,98.44,3.6,1.16
2021,8,3,3.1,0.0,2.29,81.38,12.27,-259.67,98.04,3.31,0.38
2021,8,4,5.69,0.0,0.07,72.0,6.71,-264.85,98.75,2.7,0.78
2021,8,5,5.08,0.01,0.51,77.19,7.63,-264.26,98.2,3.72,0.93
2021,8,6,3.68,0.0,7.75,83.56,11.05,-259.73,97.22,2.38,1.08
2021,8,7,4.79,0.0,5.92,81.81,9.95,-262.81,96.64,5.83,2.91
2021,8,8,2.2,0.01,4.43,80.88,6.23,-268.7,97.76,6.2,3.09
2021,8,9,3.16,0.0,5.09,90.5,9.22,-260.19,96.71,1.95,1.17
2021,8,10,3.12,0.1,1.49,87.19,7.26,-269.3,96.71,5.48,2.7
2021,8,11,3.38,0.02,1.07,82.19,6.47,-265.05,97.79,4.11,2.5
2021,8,12,5.66,0.1,0.07,76.81,7.57,-259.82,98.35,4.64,1.62
2021,8,13,5.29,0.0,0.06,78.56,10.68,-259.94,97.46,4.02,1.58
2021,8,14,3.56,0.0,7.2,83.75,10.25,-261.17,97.04,5.11,2.4
2021,8,15,2.7,0.0,12.32,85.94,8.24,-266.19,97.17,5.02,2.55
2021,8,16,2.58,0.05,6.88,94.12,7.14,-269.73,96.76,8.0,4.11
2021,8,17,5.46,0.05,0.05,72.19,6.23,-263.66,98.14,5.21,2.32
2021,8,18,3.36,0.0,1.87,84.75,7.93,-263.2,97.75,2.55,2.12
2021,8,19,2.83,0.0,2.33,89.94,7.75,-266.88,97.94,3.85,2.16
2021,8,20,3.5,0.0,0.28,78.19,5.31,-265.26,98.49,2.95,2.35
2021,8,21,3.43,0.02,0.05,75.38,5.0,-261.62,98.37,2.19,1.01
2021,8,22,3.06,0.15,0.7,83.56,5.43,-266.48,98.49,1.78,1.2
2021,8,23,3.44,0.12,0.1,79.06,6.1,-264.13,98.6,5.2,1.84
2021,8,24,5.56,0.0,0.01,73.31,6.29,-260.25,98.25,4.01,0.96
2021,8,25,5.68,0.0,0.03,76.0,7.81,-259.46,97.83,3.25,1.23
2021,8,26,5.45,0.0,0.17,76.0,8.67,-258.81,97.67,2.88,0.82
2021,8,27,5.1,0.12,0.03,76.94,8.85,-259.74,97.56,2.26,0.78
2021,8,28,4.45,0.18,0.25,78.44,9.22,-259.67,97.65,4.48,1.41
2021,8,29,4.69,0.11,0.15,78.62,8.73,-263.48,97.46,2.02,1.01
2021,8,30,4.71,0.23,0.0,69.88,6.9,-261.01,97.89,2.98,1.34
2021,8,31,1.44,0.16,0.58,72.25,7.39,-265.2,97.96,5.07,2.34
2021,9,1,1.25,0.0,12.01,89.0,8.12,-269.99,97.93,2.58,1.26
2021,9,2,1.48,0.0,1.48,92.19,8.06,-268.4,98.2,2.36,1.95
2021,9,3,1.89,0.01,0.24,86.81,7.39,-265.01,98.36,4.68,1.34
2021,9,4,4.55,0.0,0.31,80.81,7.87,-260.84,97.65,2.77,1.6
2021,9,5,3.58,0.0,1.35,81.75,9.77,-263.33,96.54,2.08,1.02
2021,9,6,2.75,0.0,2.35,90.81,9.46,-268.03,96.96,1.78,1.15
2021,9,7,3.59,0.14,0.35,84.0,8.18,-265.85,98.29,4.16,2.07
2021,9,8,1.67,0.09,12.34,90.31,8.42,-264.86,98.12,3.3,1.4
2021,9,9,1.38,0.0,10.86,95.19,8.3,-266.41,97.42,1.66,1.38
2021,9,10,2.92,0.02,0.13,81.69,5.55,-264.19,98.48,3.59,1.38
2021,9,11,3.11,0.0,1.87,87.81,6.1,-263.75,98.31,3.32,1.84
2021,9,12,3.75,0.0,0.65,83.56,7.26,-261.95,97.59,3.26,1.1
2021,9,13,2.54,0.09,1.51,91.69,7.08,-266.7,97.62,3.09,1.34
2021,9,14,3.03,0.01,1.73,82.81,6.96,-261.9,96.82,3.55,1.29
2021,9,15,1.33,0.01,31.82,96.62,6.35,-267.62,95.79,5.84,3.78
2021,9,16,2.88,0.12,0.78,79.12,4.15,-264.02,97.64,5.91,3.01
2021,9,17,3.05,0.03,0.15,83.56,4.52,-261.24,97.49,2.06,0.95
2021,9,18,1.48,0.0,3.62,91.81,5.62,-267.16,96.78,1.49,1.02
2021,9,19,2.3,0.0,1.73,87.0,5.37,-266.24,97.18,2.44,0.88
2021,9,20,2.12,0.08,0.63,93.31,5.31,-267.2,98.21,5.02,2.11
2021,9,21,2.0,0.27,1.86,94.06,5.92,-265.85,97.53,2.78,1.53
2021,9,22,2.52,0.06,5.04,95.12,6.65,-262.7,97.04,3.98,2.11
2021,9,23,1.6,0.01,0.73,92.56,4.88,-268.89,98.17,5.62,2.91
2021,9,24,1.56,0.04,1.43,91.25,5.43,-266.75,97.54,4.09,2.24
2021,9,25,2.65,0.08,0.04,83.88,5.8,-261.1,97.09,4.15,2.16
2021,9,26,2.56,0.13,0.11,83.69,4.94,-263.83,97.59,3.98,1.12
2021,9,27,1.4,0.01,0.8,82.06,5.13,-262.99,97.37,3.02,1.23
2021,9,28,2.18,0.02,0.23,93.44,6.59,-266.63,96.99,3.89,1.18
2021,9,29,3.06,0.11,0.23,87.69,5.8,-265.06,97.42,3.72,1.42
2021,9,30,1.96,0.02,0.59,89.62,5.98,-263.02,97.32,3.27,1.37
2021,10,1,3.07,0.02,0.02,84.38,5.49,-264.28,97.94,3.8,1.27
2021,10,2,1.89,0.02,0.44,85.44,5.31,-265.24,97.28,2.95,1.72
2021,10,3,2.44,0.02,0.31,77.81,4.27,-264.07,96.9,3.16,1.7
2021,10,4,2.19,0.02,0.19,79.19,3.6,-265.67,97.73,3.16,2.12
2021,10,5,2.27,0.05,0.38,85.44,3.36,-265.85,98.72,3.32,1.31
2021,10,6,0.88,0.02,5.4,97.5,4.03,-270.65,98.21,0.97,0.91
2021,10,7,2.1,0.03,0.25,86.56,3.66,-265.08,97.56,2.73,1.09
2021,10,8,2.38,0.02,0.11,90.75,3.91,-263.92,97.34,3.44,0.57
2021,10,9,1.49,0.02,0.99,95.94,4.7,-266.43,96.33,3.12,0.55
2021,10,10,2.17,0.03,0.17,90.44,4.15,-266.13,97.11,2.52,1.12
2021,10,11,2.17,0.19,0.08,84.75,3.17,-266.1,98.48,4.92,2.08
2021,10,12,2.15,0.07,0.07,88.75,3.6,-264.69,97.86,2.26,1.6
2021,10,13,2.04,0.09,0.11,88.31,4.21,-266.41,97.39,2.23,0.89
2021,10,14,2.38,0.12,0.05,89.0,3.97,-263.68,97.35,3.57,1.08
2021,10,15,1.6,0.07,0.08,94.69,3.97,-266.27,97.18,4.25,1.11
2021,10,16,2.11,0.38,0.09,83.19,3.6,-265.37,97.63,2.1,0.99
2021,10,17,1.37,0.11,0.03,88.88,3.11,-265.16,97.63,3.66,1.16
2021,10,18,2.02,0.23,0.01,86.0,2.87,-266.01,98.56,2.29,0.76
2021,10,19,2.02,0.15,0.05,85.75,2.93,-266.1,99.1,3.01,1.37
2021,10,20,1.84,0.19,0.19,90.25,3.54,-267.29,98.48,1.78,0.77
2021,10,21,1.88,0.21,0.05,87.94,3.42,-266.6,98.51,2.65,0.97
2021,10,22,1.76,0.28,0.08,85.88,3.36,-267.06,97.87,3.12,1.52
2021,10,23,0.79,0.25,0.71,89.38,3.72,-269.1,97.29,1.98,1.02
2021,10,24,0.53,0.24,1.11,96.25,3.85,-271.18,97.15,1.83,1.09
2021,10,25,0.4,0.21,5.88,98.38,4.03,-270.66,96.54,1.7,0.9
2021,10,26,0.91,0.18,0.42,97.81,3.85,-269.17,96.16,2.99,1.22
2021,10,27,0.76,0.15,0.57,97.69,3.97,-268.96,96.7,2.91,1.0
2021,10,28,0.89,0.16,2.63,99.0,3.91,-270.71,97.15,4.07,1.39
2021,10,29,0.72,0.24,2.19,96.75,3.42,-269.35,97.55,1.38,0.78
2021,10,30,0.99,0.33,0.35,89.5,2.69,-270.49,98.9,3.45,1.81
2021,10,31,1.37,0.4,0.01,92.56,2.69,-266.51,99.34,4.03,1.6
2021,11,1,1.27,0.3,0.04,95.12,2.69,-265.77,98.61,3.52,1.59
2021,11,2,1.4,0.3,0.07,96.5,2.56,-263.99,98.1,4.61,1.08
2021,11,3,1.07,0.31,0.24,97.25,3.23,-265.77,97.58,3.03,0.93
2021,11,4,1.16,0.25,0.12,98.12,3.66,-268.74,97.08,3.66,1.01
2021,11,5,0.32,0.27,0.57,92.38,2.75,-269.99,97.45,1.56,0.61
2021,11,6,0.43,0.28,3.61,95.0,2.69,-270.43,97.25,1.54,0.4
2021,11,7,0.38,0.34,2.44,93.69,2.32,-268.3,97.23,3.55,1.48
2021,11,8,0.59,0.55,0.51,92.62,1.77,-268.33,98.19,2.94,1.3
2021,11,9,0.61,0.47,0.05,95.56,1.65,-267.64,98.81,4.61,2.32
2021,11,10,0.3,0.41,0.5,95.62,2.08,-270.95,98.7,2.24,1.41
2021,11,11,0.38,0.39,0.42,98.69,2.2,-267.96,99.19,2.43,1.12
2021,11,12,0.26,0.68,2.68,98.19,2.38,-270.02,97.77,5.37,3.47
2021,11,13,0.35,0.48,3.31,98.44,2.14,-269.61,97.45,3.09,1.48
2021,11,14,0.39,0.7,0.1,96.25,1.28,-266.69,97.81,2.02,1.28
2021,11,15,0.38,0.76,0.07,95.69,1.28,-267.29,98.03,3.79,2.18
2021,11,16,0.43,0.55,0.07,96.44,1.16,-269.52,98.72,3.54,1.42
2021,11,17,0.32,0.73,0.33,98.25,1.16,-265.25,98.79,4.67,2.57
2021,11,18,0.34,0.41,0.41,98.12,1.4,-268.13,97.69,4.09,1.97
2021,11,19,0.24,0.56,5.28,97.19,1.22,-267.22,97.84,2.51,2.17
2021,11,20,0.4,0.67,0.17,98.81,0.61,-263.15,99.17,3.42,1.19
2021,11,21,0.34,0.58,0.2,99.31,0.61,-258.39,98.71,3.86,1.62
2021,11,22,0.17,0.7,6.03,98.81,0.92,-267.14,97.73,3.13,2.42
2021,11,23,0.43,0.6,0.25,95.5,0.49,-264.18,98.76,5.65,3.58
2021,11,24,0.59,0.59,0.06,98.94,0.31,-266.75,98.93,3.59,1.2
2021,11,25,0.17,0.54,3.4,99.19,0.61,-266.06,96.87,3.99,2.66
2021,11,26,0.45,0.68,0.69,97.31,0.98,-265.46,96.71,4.49,2.41
2021,11,27,0.42,0.55,0.07,99.5,0.55,-265.67,98.2,4.21,2.53
2021,11,28,0.34,0.67,1.78,99.0,1.22,-264.03,96.84,5.19,2.95
2021,11,29,0.39,0.74,0.17,98.81,0.37,-258.17,98.19,4.99,2.23
2021,11,30,0.32,0.57,0.37,98.88,0.43,-260.65,97.52,3.36,0.98
2021,12,1,0.17,0.37,1.89,98.75,0.55,-267.7,97.41,3.3,1.91
2021,12,2,0.25,0.57,0.77,99.31,0.49,-267.19,97.9,3.13,2.0
2021,12,3,0.21,0.93,1.47,98.75,0.55,-267.4,99.12,0.98,0.64
2021,12,4,0.35,0.67,0.12,99.44,0.18,-262.35,99.25,3.36,0.99
2021,12,5,0.48,0.73,0.02,99.62,0.18,-266.46,99.14,3.05,1.23
2021,12,6,0.47,0.85,0.01,96.31,0.18,-268.99,98.16,5.01,2.34
2021,12,7,0.33,0.95,0.11,99.69,0.24,-258.66,97.18,2.81,1.62
2021,12,8,0.29,0.75,1.34,99.31,0.79,-265.92,95.59,5.0,2.95
2021,12,9,0.34,0.52,0.95,99.69,0.85,-269.77,96.17,2.61,1.62
2021,12,10,0.33,0.54,0.29,99.62,0.61,-265.89,96.25,4.52,2.35
2021,12,11,0.24,0.83,5.13,98.75,0.73,-268.15,94.99,5.39,3.28
2021,12,12,0.35,0.67,0.17,99.31,0.49,-267.59,96.59,2.12,0.91
2021,12,13,0.36,0.72,0.21,99.12,0.49,-269.1,98.55,1.52,0.8
2021,12,14,0.33,0.49,0.18,99.06,0.31,-269.08,98.95,4.09,1.88
2021,12,15,0.35,0.65,0.04,99.31,0.24,-267.53,98.85,4.04,1.53
2021,12,16,0.31,0.68,0.27,98.75,0.24,-267.12,99.36,2.17,0.78
2021,12,17,0.42,0.85,0.04,99.31,0.12,-261.71,99.27,2.3,1.99
2021,12,18,0.24,0.8,0.7,98.69,0.31,-267.41,98.13,3.73,2.57
2021,12,19,0.35,0.85,0.17,99.0,0.24,-264.57,98.6,2.21,1.32
2021,12,20,0.33,0.55,0.15,99.44,0.31,-265.75,98.12,6.5,2.53
2021,12,21,0.24,0.63,0.71,99.62,0.31,-260.38,97.37,4.41,2.12
2021,12,22,0.23,0.76,0.11,99.25,0.18,-268.91,98.0,2.86,1.88
2021,12,23,0.33,0.62,0.97,98.81,0.24,-269.24,97.29,2.4,1.55
2021,12,24,0.33,1.08,0.78,98.81,0.24,-270.84,98.04,1.57,1.08
2021,12,25,0.3,1.63,1.07,98.44,0.18,-270.11,98.32,2.07,1.52
2021,12,26,0.4,0.68,0.28,98.44,0.18,-267.7,98.6,1.93,1.63
2021,12,27,0.41,1.0,0.08,99.06,0.06,-263.51,97.74,1.35,1.38
2021,12,28,0.42,0.81,0.02,99.31,0.06,-264.48,98.2,3.35,1.38
2021,12,29,0.4,0.58,0.21,97.38,0.12,-264.93,97.9,4.95,2.22
2021,12,30,0.41,0.84,0.15,98.69,0.12,-267.74,98.31,2.81,1.64
2021,12,31,0.39,1.0,0.23,98.25,0.12,-266.12,98.69,2.12,1.55
2022,1,1,0.29,1.0,1.22,99.06,0.18,-259.38,97.82,3.6,0.93
2022,1,2,0.32,1.09,0.51,99.0,0.24,-264.71,99.03,0.97,0.66
2022,1,3,0.41,1.02,0.23,98.5,0.12,-269.76,100.28,1.34,1.21
2022,1,4,0.29,0.99,0.26,98.38,0.12,-268.81,100.76,1.34,1.08
2022,1,5,0.44,0.78,0.09,99.06,0.12,-266.51,100.37,4.22,1.59
2022,1,6,0.4,0.85,0.34,99.31,0.31,-258.5,98.04,3.55,1.18
2022,1,7,0.39,0.98,0.17,98.94,0.37,-268.57,97.41,2.49,1.68
2022,1,8,0.51,1.22,0.34,98.88,0.24,-270.94,98.68,1.8,1.03
2022,1,9,0.45,0.8,0.03,96.0,0.18,-265.0,99.69,5.65,2.08
2022,1,10,0.38,0.86,0.97,97.44,0.37,-269.78,98.33,4.9,2.84
2022,1,11,0.42,0.73,1.6,98.31,0.43,-269.81,98.18,4.33,2.88
2022,1,12,0.37,0.77,0.96,95.5,0.43,-267.4,98.0,3.54,2.02
2022,1,13,0.42,0.49,0.09,98.0,0.55,-267.63,99.0,5.35,2.2
2022,1,14,0.36,1.32,0.1,99.31,1.34,-256.81,98.14,4.54,2.17
2022,1,15,0.43,0.79,1.83,98.69,0.79,-264.3,97.9,2.26,1.36
2022,1,16,0.59,0.73,1.65,98.5,0.43,-267.02,98.54,4.18,2.66
2022,1,17,0.57,1.06,0.56,99.0,0.31,-257.23,98.83,3.33,2.1
2022,1,18,0.75,0.88,0.01,94.19,0.06,-266.02,100.11,5.3,2.38
2022,1,19,0.68,1.3,0.12,98.94,0.24,-261.0,98.96,3.11,1.94
2022,1,20,0.45,1.75,4.25,98.31,0.49,-262.04,97.04,9.39,6.2
2022,1,21,0.74,1.16,0.09,97.62,0.31,-262.85,99.2,7.78,5.24
2022,1,22,0.51,0.99,3.61,98.56,0.43,-267.34,98.65,4.35,3.42
2022,1,23,0.72,0.53,0.82,99.25,0.37,-263.62,98.68,5.03,2.32
2022,1,24,0.88,1.13,0.1,98.94,0.43,-263.2,99.4,3.91,2.8
2022,1,25,0.41,1.73,1.0,99.56,1.59,-255.49,96.88,5.23,3.6
2022,1,26,0.59,1.27,2.18,98.94,1.46,-257.45,98.46,7.62,4.49
2022,1,27,0.7,0.67,0.2,98.44,0.92,-263.77,99.4,5.38,2.34
2022,1,28,0.65,0.86,1.63,99.31,0.92,-266.45,98.35,3.72,2.91
2022,1,29,0.56,0.48,1.92,98.38,0.73,-269.56,98.43,2.91,1.7
2022,1,30,0.58,0.95,1.27,99.12,0.49,-263.72,98.12,3.8,2.52
2022,1,31,1.0,1.5,0.29,98.69,0.37,-264.99,98.94,1.49,1.08
2022,2,1,1.19,1.41,0.15,98.69,0.24,-257.09,100.25,2.23,2.24
2022,2,2,1.27,0.83,0.05,98.19,0.12,-262.86,99.59,5.35,2.62
2022,2,3,1.33,1.14,0.03,99.06,0.12,-265.69,99.9,3.38,1.7
2022,2,4,1.02,0.82,0.13,98.81,0.31,-263.67,98.82,2.43,0.8
2022,2,5,0.9,0.69,1.29,98.69,0.37,-268.27,98.39,4.96,2.66
2022,2,6,0.75,1.32,1.02,99.44,1.53,-244.61,96.95,5.12,2.47
2022,2,7,0.63,1.41,1.24,99.19,1.53,-253.66,96.68,4.16,3.58
2022,2,8,1.21,0.75,0.41,98.25,0.49,-269.4,98.52,6.11,3.91
2022,2,9,0.74,0.9,5.16,98.69,0.61,-267.24,97.85,3.3,2.77
2022,2,10,1.49,0.62,1.04,97.88,0.61,-270.16,98.25,3.92,2.16
2022,2,11,1.38,0.87,0.59,99.06,0.43,-264.89,99.88,5.4,3.49
2022,2,12,1.43,0.96,3.37,99.12,0.43,-262.69,99.11,2.99,2.07
2022,2,13,1.25,0.82,0.35,98.06,0.43,-262.65,99.37,4.41,2.19
2022,2,14,1.09,1.02,1.02,98.62,0.49,-262.91,98.77,6.96,4.88
2022,2,15,1.9,1.4,0.16,98.81,0.24,-255.89,99.1,3.54,3.41
2022,2,16,1.99,0.88,0.07,98.56,0.12,-260.42,99.45,6.19,2.47
2022,2,17,1.28,1.23,1.21,98.25,0.24,-264.7,98.37,6.28,4.09
2022,2,18,1.61,1.05,0.74,98.69,0.37,-262.45,98.82,3.91,2.46
2022,2,19,1.95,1.04,0.67,98.94,0.31,-258.68,98.21,2.46,1.35
2022,2,20,2.24,0.72,0.09,98.81,0.12,-260.88,99.87,3.5,1.16
2022,2,21,2.16,0.81,0.12,99.0,0.18,-265.37,100.51,3.22,0.9
2022,2,22,2.3,0.85,0.04,99.19,0.18,-260.56,100.35,5.71,2.66
2022,2,23,1.6,1.13,1.06,99.0,0.55,-261.05,98.61,4.45,3.3
2022,2,24,2.0,0.63,0.24,99.12,1.1,-262.27,98.65,3.46,0.72
2022,2,25,1.84,0.94,0.09,99.25,1.04,-254.38,98.17,3.2,2.91
2022,2,26,1.86,0.65,0.04,99.06,0.24,-262.67,99.26,4.41,1.8
2022,2,27,2.31,0.81,0.04,97.5,0.24,-260.98,99.36,2.77,1.77
2022,2,28,2.77,0.76,0.03,98.69,0.37,-259.9,98.92,4.11,2.49
2022,3,1,2.84,0.85,0.03,98.12,0.24,-260.24,99.58,3.4,2.03
2022,3,2,2.92,0.77,0.03,98.94,0.24,-257.79,100.1,4.3,1.68
2022,3,3,2.67,0.91,0.09,99.5,0.49,-260.13,99.59,3.68,0.8
2022,3,4,2.04,0.73,0.3,99.62,1.1,-262.86,99.07,1.59,1.07
2022,3,5,2.5,0.61,0.32,99.19,1.28,-266.18,99.08,2.59,1.36
2022,3,6,2.52,0.85,2.4,99.31,1.89,-257.67,98.19,3.91,2.48
2022,3,7,2.2,2.03,3.58,98.31,1.71,-261.68,99.04,3.73,2.98
2022,3,8,2.85,1.31,0.25,98.38,0.79,-267.72,100.19,2.63,1.76
2022,3,9,2.57,0.84,0.44,99.0,0.67,-266.09,98.71,5.28,3.36
2022,3,10,3.44,1.08,0.07,98.88,0.43,-264.61,99.39,3.13,2.68
2022,3,11,2.87,0.77,1.34,98.94,0.67,-259.1,98.0,1.12,1.23
2022,3,12,3.42,0.98,0.78,98.88,0.79,-269.1,97.81,2.27,1.63
2022,3,13,3.54,1.1,0.2,98.44,0.49,-268.77,98.74,2.41,2.52
2022,3,14,2.72,0.62,0.09,98.69,0.55,-261.06,98.06,2.98,1.5
2022,3,15,3.6,0.81,0.05,98.94,0.98,-260.0,97.44,3.2,1.66
2022,3,16,2.81,0.44,0.33,99.38,1.4,-261.22,97.75,3.67,1.48
2022,3,17,2.61,0.67,1.38,99.56,2.38,-262.07,97.12,5.45,2.76
2022,3,18,3.43,0.59,0.33,99.25,2.08,-268.43,97.61,3.86,2.2
2022,3,19,3.42,0.67,0.32,99.25,2.26,-263.17,97.86,5.41,1.38
2022,3,20,3.17,0.8,0.41,99.38,2.93,-265.24,97.79,2.17,1.36
2022,3,21,3.77,0.76,0.4,99.19,2.14,-263.38,98.18,2.73,2.49
2022,3,22,3.96,0.65,1.84,99.12,1.77,-264.1,98.59,4.17,2.16
2022,3,23,3.01,0.91,2.3,99.12,2.08,-265.77,97.76,4.28,3.02
2022,3,24,4.09,1.05,0.27,98.75,0.79,-265.02,99.31,3.69,3.05
2022,3,25,4.68,0.42,0.11,98.62,0.49,-263.48,100.22,5.32,1.57
2022,3,26,3.29,0.83,1.07,99.19,0.61,-261.1,99.36,3.2,1.98
2022,3,27,4.05,0.46,0.45,98.0,1.1,-262.88,98.42,2.73,1.14
2022,3,28,3.74,0.41,0.66,95.56,1.77,-262.67,98.2,3.45,1.98
2022,3,29,3.9,0.6,0.82,99.06,2.08,-261.1,97.84,5.2,2.32
2022,3,30,4.31,0.43,1.78,99.5,2.62,-266.56,97.73,3.52,1.52
2022,3,31,3.94,0.73,2.9,99.12,2.14,-262.79,97.81,5.8,3.58
2022,4,1,4.92,0.63,0.36,98.62,0.79,-267.44,98.71,3.81,2.38
2022,4,2,3.26,0.52,1.9,97.88,0.85,-264.6,98.27,4.27,2.42
2022,4,3,5.07,0.81,0.17,99.38,2.01,-252.34,97.29,3.8,1.84
2022,4,4,4.62,0.66,0.37,99.44,3.3,-268.17,95.78,2.35,2.2
2022,4,5,3.75,0.45,0.71,99.12,2.87,-268.06,97.43,1.98,1.64
2022,4,6,5.24,0.3,0.16,99.31,2.81,-264.21,99.13,4.77,2.07
2022,4,7,5.18,0.48,0.52,99.25,3.23,-265.35,99.02,3.68,0.92
2022,4,8,3.51,0.41,8.18,99.44,3.91,-272.52,96.88,3.66,2.23
2022,4,9,1.17,1.36,14.77,99.12,2.93,-266.56,96.95,6.45,4.21
2022,4,10,2.28,1.27,0.69,98.94,1.53,-269.02,98.46,2.74,1.98
2022,4,11,5.02,0.96,0.36,98.94,1.22,-266.63,99.48,2.23,1.77
2022,4,12,6.0,0.57,0.38,98.94,0.98,-266.6,100.52,2.02,1.76
2022,4,13,6.08,0.3,0.21,93.31,0.92,-262.21,100.5,2.95,1.16
2022,4,14,6.2,0.56,0.11,95.69,1.46,-255.54,99.76,4.15,1.96
2022,4,15,6.0,0.44,0.23,98.19,1.95,-262.81,99.38,3.08,1.23
2022,4,16,5.78,0.47,1.21,99.38,2.14,-266.19,99.41,3.9,2.18
2022,4,17,4.99,0.41,1.47,99.06,1.22,-265.49,99.8,1.77,0.91
2022,4,18,6.43,0.38,0.26,96.62,1.46,-260.6,99.39,5.12,1.97
2022,4,19,6.45,0.65,0.06,95.62,1.71,-259.24,98.65,3.61,1.86
2022,4,20,6.39,0.48,0.03,98.25,2.32,-261.08,98.59,5.09,1.47
2022,4,21,5.89,0.27,0.03,99.44,2.87,-258.75,98.2,4.34,0.87
2022,4,22,5.22,0.2,0.3,99.44,3.42,-269.16,98.32,4.32,1.13
2022,4,23,6.32,0.27,0.42,99.62,3.36,-266.92,99.41,3.34,1.43
2022,4,24,6.55,0.51,0.71,99.5,3.05,-266.34,99.6,2.59,1.45
2022,4,25,4.91,0.53,0.49,99.56,3.6,-270.17,98.72,0.77,0.56
2022,4,26,5.69,0.36,0.33,99.5,3.78,-271.48,98.25,2.83,1.71
2022,4,27,4.54,0.23,0.18,97.06,3.78,-265.16,98.08,4.78,1.36
2022,4,28,5.42,0.27,0.49,89.0,3.78,-261.25,98.12,4.74,1.35
2022,4,29,4.81,0.32,0.57,79.5,3.05,-265.81,99.16,2.33,1.73
2022,4,30,5.94,0.18,0.18,75.56,2.99,-262.63,99.61,4.2,0.99
2022,5,1,5.38,0.3,0.07,75.69,3.17,-261.74,99.31,3.27,0.81
2022,5,2,6.14,0.34,0.17,75.75,3.36,-261.39,98.86,2.72,1.46
2022,5,3,5.8,0.39,0.17,80.56,3.48,-264.82,98.32,3.31,1.96
2022,5,4,6.08,0.3,0.74,88.44,5.19,-260.61,97.3,2.23,1.83
2022,5,5,4.3,0.16,2.16,82.19,5.43,-260.13,97.21,3.58,0.89
2022,5,6,1.69,0.27,15.98,89.0,5.25,-263.13,96.57,3.38,2.12
2022,5,7,1.69,0.22,8.7,95.31,4.27,-269.88,95.71,2.84,1.59
2022,5,8,2.33,0.3,17.47,94.5,3.97,-268.9,95.96,6.19,3.84
2022,5,9,2.55,0.27,6.06,93.94,3.23,-267.61,96.82,2.21,1.51
2022,5,10,2.26,0.3,1.54,92.19,2.93,-265.91,97.81,2.39,1.1
2022,5,11,4.72,0.41,0.41,81.12,3.11,-262.67,98.66,4.13,1.98
2022,5,12,6.99,0.2,0.0,76.12,4.15,-255.21,98.76,5.02,1.21
2022,5,13,6.53,0.12,1.02,81.38,5.92,-255.04,98.3,4.14,0.73
2022,5,14,4.97,0.13,0.55,80.25,6.1,-263.26,98.17,2.9,1.21
2022,5,15,5.27,0.15,0.23,77.56,4.88,-262.99,98.73,1.86,0.72
2022,5,16,5.98,0.17,0.11,76.56,4.58,-262.96,98.54,2.81,1.71
2022,5,17,3.32,0.13,8.05,88.81,5.62,-265.81,98.26,3.84,2.74
2022,5,18,4.8,0.09,7.66,92.56,5.25,-269.14,98.07,3.3,1.26
2022,5,19,7.27,0.09,0.05,70.31,3.78,-262.42,98.82,2.2,1.66
2022,5,20,7.34,0.13,0.01,69.81,4.21,-258.7,99.49,4.27,1.56
2022,5,21,5.86,0.14,1.03,73.44,5.13,-259.87,98.76,5.27,1.56
2022,5,22,4.98,0.09,2.85,78.19,4.21,-262.04,98.44,3.52,2.65
2022,5,23,6.65,0.2,0.42,69.5,3.11,-261.59,98.61,1.59,1.2
2022,5,24,7.28,0.18,0.0,62.62,3.6,-260.29,98.53,5.02,1.57
2022,5,25,5.69,0.12,0.09,71.31,4.94,-259.84,98.03,3.98,1.28
2022,5,26,5.33,0.02,0.18,77.25,5.74,-261.65,97.9,4.82,1.73
2022,5,27,5.74,0.02,0.9,75.5,6.65,-261.15,97.43,3.76,1.46
2022,5,28,4.92,0.02,0.07,78.19,6.71,-265.44,97.23,3.86,1.76
2022,5,29,7.0,0.03,0.32,74.0,5.37,-261.47,98.11,3.16,3.04
2022,5,30,7.17,0.17,0.0,65.56,4.58,-258.87,99.19,2.49,1.58
2022,5,31,7.86,0.19,0.0,64.31,5.19,-261.01,99.25,3.84,1.77
2022,6,1,7.85,0.16,0.01,70.88,6.35,-258.68,99.12,4.55,1.12
2022,6,2,6.51,0.02,0.25,80.19,6.71,-263.49,98.78,3.28,1.47
2022,6,3,7.92,0.02,0.01,72.44,7.02,-257.84,98.18,3.27,0.6
2022,6,4,7.86,0.02,0.04,70.06,7.2,-257.6,98.09,2.58,1.19
2022,6,5,7.8,0.02,0.11,72.19,7.69,-260.8,98.29,2.52,1.59
2022,6,6,7.96,0.01,0.14,73.62,7.45,-262.17,98.48,2.48,1.52
2022,6,7,7.84,0.01,0.06,70.94,8.06,-258.6,98.49,3.37,1.0
2022,6,8,7.41,0.01,0.03,70.81,8.61,-258.53,98.09,3.55,1.3
2022,6,9,6.54,0.01,1.3,77.88,9.83,-261.61,97.65,3.16,1.31
2022,6,10,6.1,0.01,2.33,79.44,9.95,-262.66,97.1,1.65,0.92
2022,6,11,4.18,0.01,0.91,79.69,8.97,-265.06,96.92,1.23,1.54
2022,6,12,7.13,0.01,1.58,75.69,9.03,-261.35,96.99,3.94,1.19
2022,6,13,6.99,0.12,0.13,65.12,7.93,-260.85,97.6,3.23,1.49
2022,6,14,7.22,0.02,0.0,67.31,8.3,-259.55,98.03,4.55,1.38
2022,6,15,5.9,0.0,0.32,74.81,9.09,-264.48,98.2,2.7,1.23
2022,6,16,7.57,0.0,0.13,72.25,7.63,-263.49,98.67,3.24,0.77
2022,6,17,3.75,0.0,4.47,84.56,8.91,-262.02,98.35,2.93,1.07
2022,6,18,2.32,0.0,6.32,92.94,9.28,-267.24,97.74,1.99,1.29
2022,6,19,2.59,0.13,6.6,86.19,8.97,-265.17,97.85,1.7,1.3
2022,6,20,7.2,0.1,0.01,66.19,8.0,-261.02,98.37,5.52,1.61
2022,6,21,6.5,0.07,0.74,70.06,8.85,-261.76,98.12,3.73,0.88
2022,6,22,5.93,0.07,2.67,80.81,9.52,-262.72,97.96,4.34,1.53
2022,6,23,6.19,0.09,0.14,70.88,6.96,-262.7,98.76,2.3,1.3
2022,6,24,6.78,0.0,0.5,74.25,8.3,-261.06,98.98,4.52,0.97
2022,6,25,5.13,0.0,4.22,82.69,9.64,-262.26,98.79,2.98,1.3
2022,6,26,5.02,0.0,1.45,79.44,7.26,-264.52,98.94,3.99,2.38
2022,6,27,6.63,0.1,0.11,68.06,6.35,-261.9,99.2,4.74,1.19
2022,6,28,5.97,0.0,0.6,70.06,7.87,-260.64,98.22,1.94,1.38
2022,6,29,8.37,0.04,0.17,65.5,5.8,-261.18,98.3,2.09,1.3
2022,6,30,5.14,0.16,0.08,67.19,5.68,-261.86,98.67,4.05,1.59
2022,7,1,6.73,0.06,0.0,68.69,6.9,-258.32,98.84,4.3,1.37
2022,7,2,5.28,0.0,1.05,76.5,8.61,-262.86,98.44,2.5,1.17
2022,7,3,5.75,0.0,0.09,70.31,7.2,-264.43,98.78,2.3,0.62
2022,7,4,7.8,0.0,0.05,71.88,7.51,-260.43,98.98,4.29,0.92
2022,7,5,7.22,0.0,0.01,68.12,7.93,-257.72,98.71,4.16,0.84
2022,7,6,6.82,0.02,0.02,63.88,8.06,-257.92,98.51,4.64,1.21
2022,7,7,6.49,0.06,0.13,71.75,9.77,-259.78,98.39,4.05,1.7
2022,7,8,4.14,0.0,5.2,91.69,11.47,-265.91,97.93,2.59,1.59
2022,7,9,6.56,0.14,2.52,76.44,10.5,-263.21,97.4,2.72,0.88
2022,7,10,4.98,0.2,0.68,69.5,9.4,-261.3,97.49,3.54,1.68
2022,7,11,6.3,0.09,0.77,72.56,10.13,-261.21,97.71,4.77,1.63
2022,7,12,6.55,0.0,0.36,73.56,9.77,-261.61,97.41,3.98,2.26
2022,7,13,6.01,0.0,1.73,74.25,9.09,-262.25,96.97,2.34,1.33
2022,7,14,3.86,0.02,1.2,78.88,8.67,-263.67,97.22,3.24,2.03
2022,7,15,6.35,0.09,5.44,77.75,10.38,-259.5,97.82,3.68,1.07
2022,7,16,5.94,0.12,1.2,81.0,10.5,-265.14,97.74,3.12,0.8
2022,7,17,6.08,0.08,2.06,83.56,11.54,-263.14,97.57,3.6,0.7
2022,7,18,6.64,0.11,0.88,72.88,11.23,-262.38,96.87,5.11,1.95
2022,7,19,4.88,0.0,4.02,80.69,10.5,-263.6,96.87,3.06,1.55
2022,7,20,3.55,0.0,5.04,87.38,9.22,-267.51,97.41,4.12,2.45
2022,7,21,5.05,0.01,0.17,75.81,7.87,-263.17,97.85,1.84,0.77
2022,7,22,4.88,0.05,0.28,74.19,8.12,-262.58,98.34,4.19,1.34
2022,7,23,6.69,0.0,0.08,68.69,8.06,-261.66,98.29,3.34,1.48
2022,7,24,6.03,0.0,8.45,83.12,8.97,-265.8,97.92,3.86,2.3
2022,7,25,6.84,0.0,0.04,70.0,7.57,-262.97,98.25,3.97,2.22
2022,7,26,7.19,0.01,0.0,62.75,6.96,-257.28,98.38,4.88,1.22
2022,7,27,5.9,0.02,0.01,69.5,9.58,-259.85,98.39,2.38,1.73
2022,7,28,2.79,0.03,7.29,85.0,11.17,-261.45,98.03,2.66,1.3
2022,7,29,4.64,0.05,0.08,71.44,7.81,-262.93,98.47,2.66,0.89
2022,7,30,3.94,0.25,0.26,70.06,7.39,-263.67,98.57,2.49,1.4
2022,7,31,6.17,0.19,0.03,67.81,6.71,-260.77,98.4,3.15,1.32
2022,8,1,5.41,0.16,0.02,61.31,6.35,-260.1,97.94,4.71,1.19
2022,8,2,5.77,0.15,0.01,63.12,6.53,-260.42,97.78,3.22,1.01
2022,8,3,5.23,0.0,0.14,68.94,7.02,-260.67,97.8,3.02,0.87
2022,8,4,6.54,0.17,0.13,63.31,6.1,-260.92,98.12,2.73,1.16
2022,8,5,5.66,0.23,0.13,65.12,7.14,-259.64,98.04,3.48,1.12
2022,8,6,3.37,0.0,1.92,79.12,9.09,-262.83,97.15,3.04,1.12
2022,8,7,5.83,0.05,0.16,69.62,8.3,-261.42,97.35,2.57,1.48
2022,8,8,4.14,0.03,2.56,80.44,8.0,-263.82,97.87,3.75,2.47
2022,8,9,6.31,0.07,0.05,69.12,7.32,-258.0,98.7,4.99,2.09
2022,8,10,6.26,0.0,0.0,65.12,9.09,-255.89,98.07,3.45,2.48
2022,8,11,5.56,0.2,4.08,61.0,5.8,-263.24,98.66,4.12,2.18
2022,8,12,6.53,0.09,0.04,59.31,5.98,-256.66,98.52,4.23,1.23
2022,8,13,6.31,0.0,0.06,68.69,8.3,-256.3,98.1,3.63,0.94
2022,8,14,5.97,0.0,0.15,70.62,9.89,-256.64,97.82,4.23,1.24
2022,8,15,3.92,0.0,1.48,73.44,10.93,-264.6,97.59,4.07,1.46
2022,8,16,5.79,0.01,0.29,61.69,9.58,-260.25,97.81,3.09,1.14
2022,8,17,6.02,0.08,0.05,63.56,9.7,-260.25,98.58,4.91,1.66
2022,8,18,6.01,0.0,0.01,63.0,10.44,-257.67,98.27,2.97,1.45
2022,8,19,5.84,0.07,0.0,53.38,8.48,-255.99,97.96,4.6,1.6
2022,8,20,5.72,0.0,0.06,58.19,8.36,-259.88,97.97,3.14,2.02
2022,8,21,5.07,0.0,0.05,65.31,7.51,-260.29,98.86,4.09,1.62
2022,8,22,4.37,0.0,0.0,58.06,7.75,-259.63,98.68,3.45,1.64
2022,8,23,4.08,0.0,0.0,62.69,6.71,-262.13,99.07,3.55,1.16
2022,8,24,5.05,0.09,0.0,62.56,9.58,-252.73,98.37,3.01,1.24
2022,8,25,5.42,0.14,0.0,63.94,11.23,-257.0,97.78,5.38,1.49
2022,8,26,4.79,0.0,0.29,68.81,10.68,-259.02,96.93,4.61,2.3
2022,8,27,1.73,0.01,6.54,76.62,8.48,-266.13,96.82,3.41,0.95
2022,8,28,3.92,0.12,0.85,64.25,7.2,-261.98,96.88,3.7,1.4
2022,8,29,4.51,0.0,0.5,73.38,7.63,-261.02,97.63,3.12,0.8
2022,8,30,2.67,0.0,6.0,88.38,9.83,-263.82,97.74,2.88,1.21
2022,8,31,4.84,0.02,13.82,75.75,8.18,-263.56,97.63,2.98,2.12
2022,9,1,3.68,0.05,14.37,84.19,8.12,-266.45,97.46,4.45,2.3
2022,9,2,4.66,0.0,0.06,74.12,7.32,-261.74,97.64,3.8,1.02
2022,9,3,4.47,0.16,0.0,72.06,9.34,-254.98,97.45,4.32,1.26
2022,9,4,2.99,0.01,0.44,78.44,9.89,-262.71,97.02,4.69,1.12
2022,9,5,3.86,0.0,0.03,67.62,7.14,-264.21,97.17,3.54,1.57
2022,9,6,4.71,0.0,0.0,69.19,6.23,-263.07,97.9,2.55,2.16
2022,9,7,1.91,0.0,0.0,64.88,4.94,-261.12,97.9,3.55,1.78
2022,9,8,4.02,0.0,0.1,68.44,4.76,-266.49,98.16,4.58,2.81
2022,9,9,4.55,0.04,0.05,70.69,5.13,-263.45,98.23,2.91,1.92
2022,9,10,4.6,0.0,0.01,65.38,5.8,-258.43,97.37,4.98,2.18
2022,9,11,4.22,0.0,0.01,67.38,4.88,-260.59,98.19,3.83,2.55
2022,9,12,3.98,0.07,0.08,70.44,4.94,-260.64,98.72,5.21,1.77
2022,9,13,4.19,0.0,0.0,66.81,5.07,-256.67,98.05,3.71,0.8
2022,9,14,4.2,0.0,0.0,67.69,5.92,-254.91,97.91,5.81,1.34
2022,9,15,4.18,0.0,0.0,68.25,6.47,-258.51,97.92,3.69,1.49
2022,9,16,3.5,0.17,0.05,74.12,7.87,-259.43,97.66,3.75,1.76
2022,9,17,2.27,0.04,0.95,85.0,6.71,-263.13,97.93,2.62,1.16
2022,9,18,2.65,0.12,0.08,73.56,5.13,-261.16,97.68,3.88,1.27
2022,9,19,1.97,0.09,0.07,80.56,5.43,-264.49,98.25,5.1,2.52
2022,9,20,3.52,0.16,0.01,68.62,4.64,-260.55,98.72,3.98,1.79
2022,9,21,3.22,0.01,0.0,72.56,5.37,-257.99,98.14,3.45,1.62
2022,9,22,3.55,0.01,0.01,74.19,7.32,-258.89,96.74,4.1,1.72
2022,9,23,3.61,0.01,0.05,55.88,5.25,-262.72,96.54,4.12,2.48
2022,9,24,2.91,0.01,2.1,70.25,4.39,-263.24,97.7,3.16,2.64
2022,9,25,1.99,0.01,0.01,75.38,4.76,-257.57,98.37,4.21,1.0
2022,9,26,3.25,0.05,0.02,71.25,5.25,-261.31,98.56,5.05,2.02
2022,9,27,3.24,0.01,0.37,76.06,8.42,-255.43,97.35,2.82,1.23
2022,9,28,2.51,0.02,0.1,73.5,5.68,-263.57,98.26,3.16,1.91
2022,9,29,2.48,0.02,0.0,74.69,3.97,-262.98,99.25,4.26,1.13
2022,9,30,2.98,0.02,0.12,84.38,6.16,-259.03,98.89,3.84,1.71
2022,10,1,2.06,0.02,0.15,79.44,7.81,-261.52,97.8,4.7,1.94
2022,10,2,3.1,0.08,0.07,62.94,5.25,-260.17,98.01,7.79,4.13
2022,10,3,2.74,0.14,0.01,76.0,4.64,-257.85,98.61,3.52,0.89
2022,10,4,2.76,0.02,0.03,80.38,4.09,-261.13,99.12,1.78,1.57
2022,10,5,2.56,0.03,0.01,77.19,2.81,-262.63,100.11,3.11,1.65
2022,10,6,2.63,0.04,0.01,84.75,4.7,-255.75,99.17,3.34,1.61
2022,10,7,2.34,0.07,0.14,85.44,5.62,-261.27,98.81,5.45,1.57
2022,10,8,1.79,0.12,0.08,91.19,5.49,-265.14,98.66,3.72,1.39
2022,10,9,2.41,0.02,0.39,78.88,6.71,-259.26,97.52,5.14,1.44
2022,10,10,1.06,0.04,3.16,75.19,6.1,-265.39,95.85,3.71,2.08
2022,10,11,0.83,0.1,2.19,65.56,2.75,-266.54,97.0,2.4,1.52
2022,10,12,2.39,0.12,0.19,68.69,2.08,-267.11,98.69,6.15,3.39
2022,10,13,1.65,0.15,0.02,74.94,2.93,-263.8,98.08,5.23,2.98
2022,10,14,1.23,0.14,0.75,76.0,3.17,-264.47,98.45,5.56,3.93
2022,10,15,1.3,0.16,0.03,68.19,2.08,-267.62,99.7,3.15,1.21
2022,10,16,1.47,0.14,0.01,74.69,2.69,-265.74,98.96,2.81,1.5
2022,10,17,2.01,0.12,0.05,92.81,4.33,-264.18,97.77,3.99,1.16
2022,10,18,1.96,0.19,0.68,93.12,5.74,-262.38,98.22,4.34,1.74
2022,10,19,0.67,0.19,0.41,85.81,5.62,-264.67,97.41,5.95,2.14
2022,10,20,1.47,0.2,0.47,83.5,4.52,-263.53,96.81,4.11,2.14
2022,10,21,1.11,0.13,0.74,89.81,3.05,-268.2,97.03,1.15,0.86
2022,10,22,0.88,0.14,0.01,67.56,1.89,-267.57,98.1,2.33,1.16
2022,10,23,1.29,0.09,0.09,68.0,2.14,-266.6,98.65,3.31,1.32
2022,10,24,0.47,0.12,1.25,97.12,2.93,-268.16,97.7,2.05,0.8
2022,10,25,0.91,0.22,1.78,93.75,2.81,-267.38,97.61,1.91,1.09
2022,10,26,0.64,0.2,0.71,91.81,2.5,-267.09,96.58,2.28,1.35
2022,10,27,0.56,0.32,1.74,92.19,3.66,-266.46,94.95,6.41,2.95
2022,10,28,1.43,0.34,0.01,81.38,2.56,-266.18,96.66,6.45,3.02
2022,10,29,0.39,0.23,2.98,93.81,2.75,-267.2,96.84,3.91,1.75
2022,10,30,0.74,0.28,5.37,95.19,2.99,-267.52,96.04,5.44,3.22
2022,10,31,0.67,0.45,0.07,81.31,1.53,-267.49,97.37,3.84,1.94
2022,11,1,0.63,0.41,0.12,76.62,1.1,-264.49,98.56,4.8,2.48
2022,11,2,0.79,0.59,0.0,78.94,0.67,-266.35,99.27,3.16,1.96
2022,11,3,0.81,0.52,0.59,96.12,1.28,-264.23,97.4,3.91,2.77
2022,11,4,0.51,0.38,0.97,95.06,1.53,-266.25,96.19,3.01,1.52
2022,11,5,0.75,0.56,0.45,89.0,0.85,-269.08,97.85,1.29,1.2
2022,11,6,0.89,0.52,0.03,84.5,0.49,-266.34,100.02,2.59,1.44
2022,11,7,0.94,0.48,0.2,85.88,0.67,-267.74,100.78,3.38,1.58
2022,11,8,0.92,0.7,0.0,95.75,0.67,-266.41,99.98,2.16,1.41
2022,11,9,0.83,0.45,0.01,92.81,0.85,-265.41,98.91,2.3,1.3
2022,11,10,0.83,0.55,0.03,96.44,0.98,-268.05,99.01,3.64,1.88
2022,11,11,0.57,0.59,2.43,95.19,1.22,-264.92,98.78,2.3,1.3
2022,11,12,0.36,0.42,1.35,96.81,1.65,-270.04,98.41,3.31,1.85
2022,11,13,0.73,0.42,0.26,98.31,2.01,-266.85,98.05,3.73,1.45
2022,11,14,0.45,0.52,0.22,96.31,1.89,-267.38,99.05,5.04,2.74
2022,11,15,0.5,0.88,0.97,96.31,2.2,-265.07,99.61,5.53,4.1
2022,11,16,0.57,0.99,0.25,92.44,0.92,-263.4,101.25,5.9,3.34
2022,11,17,0.52,0.63,0.0,93.31,1.46,-260.47,99.83,2.91,1.8
2022,11,18,0.39,-999.0,-999.0,-999.0,-999.0,-999.0,-999.0,-999.0,-999.0
2022,11,19,0.49,-999.0,-999.0,-999.0,-999.0,-999.0,-999.0,-999.0,-999.0
2022,11,20,0.4,-999.0,-999.0,-999.0,-999.0,-999.0,-999.0,-999.0,-999.0
2022,11,21,0.52,0.49,0.21,99.81,2.56,-267.32,97.15,4.2,2.05
2022,11,22,0.32,0.53,1.19,99.5,2.69,-266.39,96.21,4.16,1.49
2022,11,23,0.39,0.86,0.25,98.44,2.08,-261.5,97.52,6.44,3.38
2022,11,24,0.2,0.57,0.88,99.38,2.14,-263.77,97.02,3.16,1.97
2022,11,25,0.24,0.98,0.88,97.0,2.08,-264.83,96.6,2.74,2.21
2022,11,26,0.31,0.65,0.1,96.75,1.16,-268.61,97.44,5.57,3.3
2022,11,27,0.27,0.88,0.69,95.62,0.92,-268.2,97.86,2.92,2.38
2022,11,28,0.19,1.0,3.5,97.62,0.85,-264.5,99.29,1.68,1.36
2022,11,29,0.25,0.54,0.16,95.31,0.24,-264.85,100.22,2.07,1.3
2022,11,30,0.32,0.71,0.08,94.06,0.18,-266.44,99.56,2.55,1.96
2022,12,1,0.22,0.55,0.11,97.25,0.31,-266.48,98.13,3.49,1.39
2022,12,2,0.35,0.72,0.44,97.0,0.37,-267.9,98.16,4.42,2.3
2022,12,3,0.21,0.88,4.68,98.56,1.22,-250.49,97.04,11.85,6.8
2022,12,4,0.18,1.6,1.51,98.12,0.98,-254.0,98.4,9.66,6.46
2022,12,5,0.32,0.87,0.35,99.38,0.18,-253.94,99.2,1.28,1.13
2022,12,6,0.32,0.58,0.0,99.12,0.06,-267.02,98.53,1.95,1.11
2022,12,7,0.3,0.7,0.01,93.62,0.06,-267.3,97.95,5.92,2.63
2022,12,8,0.12,0.9,1.0,99.06,0.31,-256.49,97.54,3.57,1.86
2022,12,9,0.16,0.43,0.32,99.75,0.43,-264.96,97.13,2.43,1.24
2022,12,10,0.2,0.43,0.17,98.75,0.37,-267.66,98.55,2.77,1.48
2022,12,11,0.14,0.48,0.04,98.75,0.31,-266.92,99.19,2.51,1.17
2022,12,12,0.26,0.89,0.05,99.69,0.31,-264.31,98.75,2.87,2.52
2022,12,13,0.05,0.97,4.54,99.12,0.85,-262.33,98.02,3.43,2.66
2022,12,14,0.21,0.74,1.03,99.75,0.67,-264.03,99.09,5.17,2.73
2022,12,15,0.16,0.59,0.91,98.62,0.67,-269.3,99.6,4.42,2.02
2022,12,16,0.12,0.82,3.43,99.44,0.49,-261.56,99.96,1.77,1.08
2022,12,17,0.13,0.67,0.07,98.88,0.18,-269.43,100.9,2.71,0.42
2022,12,18,0.22,0.78,0.02,98.31,0.12,-268.11,101.08,2.48,1.04
2022,12,19,0.16,1.16,0.06,100.0,0.12,-270.84,101.23,1.7,1.01
2022,12,20,0.16,0.49,0.16,98.0,0.12,-271.01,101.33,2.16,1.34
2022,12,21,0.23,1.09,0.05,99.75,0.12,-270.06,101.6,1.42,0.99
2022,12,22,0.19,0.84,0.02,99.81,0.12,-265.79,100.89,4.01,1.51
2022,12,23,0.26,0.48,0.07,98.75,0.06,-267.21,100.09,5.13,1.95
2022,12,24,0.14,0.42,0.39,97.62,0.12,-265.31,99.61,2.29,1.53
2022,12,25,0.22,0.66,0.35,97.31,0.18,-267.74,99.5,3.03,2.05
2022,12,26,0.03,1.0,4.19,98.62,0.37,-268.34,97.87,1.86,2.12
2022,12,27,0.1,0.63,0.68,98.69,0.49,-265.57,96.91,1.27,0.76
2022,12,28,0.12,0.48,1.08,97.69,0.61,-269.95,97.18,3.21,1.53
2022,12,29,0.12,0.84,0.25,98.94,0.67,-268.27,97.27,1.96,1.27
2022,12,30,0.13,0.73,0.34,99.19,0.61,-270.2,96.89,2.84,1.09
2022,12,31,0.13,0.67,0.61,99.06,0.61,-269.32,97.12,2.16,0.9
